Well;;A1;A2;A3;A4;A5;A6;A7;A8;A9;A10;A11;A12;B1;B2;B3;B4;B5;B6;B7;B8;B9;B10;B11;B12;C1;C2;C3;C4;C5;C6;C7;C8;C9;C10;C11;C12;D1;D2;D3;D4;D5;D6;D7;D8;D9;D10;D11;D12;E1;E2;E3;E4;E5;E6;E7;E8;E9;E10;E11;E12;F1;F2;F3;F4;F5;F6;F7;F8;F9;F10;F11;F12;G1;G2;G3;G4;G5;G6;G7;G8;G9;G10;G11;G12;H1;H2;H3;H4;H5;H6;H7;H8;H9;H10;H11;H12
Content;Time;Sample X1;Sample X2;Sample X3;Sample X4;Sample X5;Sample X6;Sample X7;Sample X8;Sample X9;Sample X10;Sample X11;Sample X12;Sample X13;Sample X14;Sample X15;Sample X16;Sample X17;Sample X18;Sample X19;Sample X20;Sample X21;Sample X22;Sample X23;Sample X24;Sample X25;Sample X26;Sample X27;Sample X28;Sample X29;Sample X30;Sample X31;Sample X32;Sample X33;Sample X34;Sample X35;Sample X36;Sample X37;Sample X38;Sample X39;Sample X40;Sample X41;Sample X42;Sample X43;Sample X44;Sample X45;Sample X46;Sample X47;Sample X48;Sample X49;Sample X50;Sample X51;Sample X52;Sample X53;Sample X54;Sample X55;Sample X56;Sample X57;Sample X58;Sample X59;Sample X60;Sample X61;Sample X62;Sample X63;Sample X64;Sample X65;Sample X66;Sample X67;Sample X68;Sample X69;Sample X70;Sample X71;Sample X72;Sample X73;Sample X74;Sample X75;Sample X76;Sample X77;Sample X78;Sample X79;Sample X80;Sample X81;Sample X82;Sample X83;Sample X84;Sample X85;Sample X86;Sample X87;Sample X88;Sample X89;Sample X90;Sample X91;Sample X92;Sample X93;Sample X94;Sample X95;Sample X96
Raw Data (600);0,00;0,09;0,09;0,09;0,089;0,088;0,09;0,088;0,087;0,087;0,09;0,092;0,091;0,151;0,163;0,187;0,133;0,128;0,113;0,144;0,142;0,093;0,112;0,127;0,077;0,072;0,152;0,195;0,135;0,145;0,109;0,153;0,135;0,16;0,106;0,147;0,076;0,072;0,164;0,175;0,139;0,15;0,106;0,162;0,145;0,119;0,118;0,121;0,077;0,074;0,138;0,172;0,117;0,114;0,101;0,115;0,129;0,223;0,098;0,12;0,078;0,073;0,127;0,143;0,112;0,155;0,113;0,146;0,149;0,152;0,113;0,134;0,075;0,089;0,09;0,086;0,088;0,089;0,088;0,088;0,09;0,089;0,089;0,092;0,094;0,09;0,09;0,089;0,086;0,086;0,086;0,087;0,087;0,087;0,088;0,092;0,093
Raw Data (600);0,17;0,09;0,091;0,089;0,087;0,086;0,087;0,086;0,084;0,086;0,089;0,092;0,089;0,167;0,165;0,21;0,141;0,164;0,114;0,184;0,127;0,095;0,108;0,125;0,074;0,07;0,142;0,202;0,124;0,161;0,099;0,161;0,116;0,122;0,107;0,122;0,073;0,069;0,144;0,224;0,134;0,158;0,113;0,169;0,119;0,109;0,103;0,119;0,073;0,073;0,159;0,185;0,127;0,132;0,109;0,155;0,128;0,24;0,106;0,121;0,076;0,07;0,136;0,193;0,116;0,134;0,105;0,142;0,117;0,145;0,098;0,116;0,073;0,086;0,088;0,085;0,086;0,086;0,086;0,087;0,086;0,085;0,087;0,09;0,092;0,088;0,087;0,086;0,085;0,084;0,085;0,084;0,085;0,085;0,086;0,09;0,09
Raw Data (600);0,33;0,09;0,09;0,089;0,087;0,088;0,088;0,086;0,086;0,086;0,089;0,092;0,092;0,152;0,147;0,194;0,133;0,163;0,107;0,165;0,122;0,097;0,107;0,123;0,075;0,071;0,145;0,21;0,12;0,165;0,103;0,155;0,118;0,122;0,109;0,123;0,076;0,07;0,138;0,219;0,127;0,148;0,107;0,155;0,118;0,109;0,104;0,118;0,072;0,073;0,159;0,188;0,129;0,135;0,108;0,158;0,142;0,249;0,108;0,123;0,077;0,07;0,141;0,176;0,116;0,137;0,104;0,142;0,119;0,143;0,098;0,115;0,073;0,088;0,089;0,086;0,087;0,088;0,087;0,088;0,088;0,087;0,086;0,09;0,093;0,089;0,089;0,088;0,085;0,086;0,085;0,086;0,086;0,086;0,087;0,09;0,091
Raw Data (600);0,50;0,091;0,091;0,089;0,088;0,087;0,088;0,086;0,087;0,087;0,089;0,092;0,091;0,148;0,145;0,175;0,116;0,152;0,108;0,152;0,119;0,095;0,101;0,12;0,075;0,071;0,144;0,192;0,118;0,16;0,105;0,15;0,118;0,121;0,1;0,12;0,074;0,07;0,139;0,194;0,118;0,143;0,107;0,152;0,119;0,111;0,099;0,117;0,074;0,073;0,159;0,19;0,129;0,138;0,109;0,155;0,14;0,248;0,107;0,126;0,077;0,07;0,142;0,172;0,116;0,142;0,105;0,145;0,12;0,143;0,099;0,117;0,074;0,088;0,089;0,086;0,087;0,086;0,087;0,086;0,089;0,087;0,088;0,09;0,092;0,088;0,09;0,088;0,086;0,085;0,085;0,085;0,085;0,085;0,086;0,09;0,092
Raw Data (600);0,67;0,091;0,091;0,089;0,087;0,087;0,088;0,087;0,087;0,087;0,09;0,093;0,091;0,147;0,145;0,178;0,121;0,145;0,108;0,153;0,119;0,097;0,102;0,119;0,075;0,084;0,145;0,172;0,119;0,163;0,104;0,157;0,118;0,121;0,1;0,121;0,075;0,07;0,14;0,181;0,117;0,139;0,109;0,146;0,119;0,115;0,098;0,118;0,073;0,073;0,16;0,19;0,13;0,139;0,111;0,159;0,134;0,251;0,109;0,13;0,078;0,071;0,142;0,17;0,115;0,136;0,105;0,147;0,12;0,144;0,099;0,117;0,074;0,087;0,089;0,086;0,086;0,087;0,088;0,087;0,087;0,087;0,086;0,089;0,092;0,088;0,088;0,087;0,085;0,085;0,086;0,085;0,086;0,085;0,086;0,089;0,091
Raw Data (600);0,83;0,09;0,09;0,089;0,087;0,088;0,088;0,087;0,087;0,086;0,089;0,092;0,091;0,147;0,144;0,175;0,128;0,14;0,108;0,156;0,121;0,096;0,1;0,119;0,074;0,072;0,146;0,169;0,118;0,161;0,105;0,152;0,118;0,121;0,11;0,122;0,074;0,07;0,141;0,176;0,118;0,135;0,108;0,151;0,119;0,116;0,1;0,12;0,072;0,073;0,161;0,19;0,13;0,139;0,112;0,159;0,131;0,258;0,108;0,134;0,076;0,071;0,143;0,171;0,115;0,136;0,105;0,15;0,119;0,145;0,099;0,118;0,075;0,087;0,089;0,086;0,086;0,088;0,086;0,087;0,086;0,086;0,086;0,089;0,091;0,088;0,089;0,087;0,084;0,086;0,085;0,085;0,086;0,085;0,087;0,09;0,091
Raw Data (600);1,00;0,089;0,09;0,088;0,085;0,086;0,086;0,085;0,084;0,086;0,088;0,091;0,09;0,146;0,145;0,173;0,118;0,139;0,108;0,158;0,12;0,095;0,102;0,121;0,073;0,069;0,147;0,169;0,117;0,148;0,106;0,152;0,116;0,121;0,106;0,119;0,073;0,069;0,14;0,174;0,117;0,135;0,121;0,149;0,12;0,115;0,103;0,12;0,071;0,071;0,159;0,191;0,131;0,139;0,113;0,162;0,128;0,254;0,11;0,14;0,074;0,069;0,143;0,17;0,114;0,138;0,105;0,149;0,119;0,142;0,099;0,118;0,072;0,088;0,089;0,086;0,086;0,086;0,086;0,087;0,086;0,086;0,086;0,088;0,091;0,087;0,087;0,086;0,084;0,084;0,085;0,085;0,085;0,084;0,086;0,09;0,091
Raw Data (600);1,17;0,091;0,091;0,09;0,087;0,087;0,089;0,087;0,086;0,086;0,089;0,093;0,091;0,148;0,146;0,174;0,117;0,139;0,11;0,159;0,12;0,097;0,101;0,122;0,075;0,079;0,15;0,169;0,119;0,143;0,106;0,156;0,12;0,121;0,102;0,126;0,073;0,071;0,141;0,176;0,119;0,138;0,111;0,152;0,12;0,117;0,101;0,122;0,072;0,074;0,164;0,194;0,134;0,144;0,113;0,167;0,13;0,266;0,111;0,149;0,077;0,07;0,146;0,169;0,117;0,139;0,107;0,153;0,121;0,147;0,102;0,118;0,074;0,088;0,089;0,086;0,087;0,086;0,087;0,087;0,088;0,087;0,088;0,09;0,093;0,089;0,088;0,087;0,085;0,084;0,086;0,085;0,085;0,086;0,087;0,09;0,093
Raw Data (600);1,33;0,089;0,09;0,088;0,088;0,088;0,088;0,086;0,086;0,087;0,089;0,092;0,09;0,146;0,145;0,179;0,122;0,142;0,111;0,162;0,12;0,11;0,101;0,121;0,074;0,1;0,148;0,169;0,122;0,146;0,108;0,161;0,121;0,12;0,099;0,124;0,074;0,071;0,143;0,174;0,121;0,141;0,113;0,155;0,118;0,121;0,102;0,122;0,073;0,074;0,165;0,194;0,136;0,147;0,116;0,167;0,13;0,32;0,114;0,157;0,075;0,07;0,145;0,169;0,118;0,142;0,109;0,155;0,122;0,149;0,098;0,119;0,073;0,088;0,088;0,087;0,086;0,087;0,086;0,087;0,086;0,086;0,086;0,089;0,091;0,088;0,088;0,087;0,086;0,084;0,085;0,085;0,085;0,085;0,087;0,09;0,09
Raw Data (600);1,50;0,088;0,089;0,087;0,086;0,086;0,087;0,085;0,085;0,084;0,088;0,091;0,089;0,147;0,141;0,176;0,13;0,146;0,112;0,161;0,118;0,109;0,099;0,121;0,073;0,074;0,15;0,169;0,12;0,146;0,107;0,162;0,12;0,119;0,098;0,123;0,072;0,069;0,142;0,173;0,121;0,145;0,112;0,156;0,118;0,121;0,101;0,126;0,072;0,072;0,168;0,198;0,139;0,152;0,116;0,172;0,132;0,332;0,114;0,166;0,075;0,069;0,142;0,17;0,117;0,143;0,109;0,155;0,122;0,149;0,098;0,119;0,072;0,086;0,088;0,085;0,085;0,085;0,086;0,086;0,085;0,085;0,085;0,089;0,089;0,087;0,088;0,085;0,083;0,082;0,084;0,083;0,085;0,085;0,086;0,088;0,088
Raw Data (600);1,67;0,09;0,09;0,089;0,087;0,087;0,088;0,086;0,087;0,088;0,088;0,092;0,091;0,149;0,145;0,178;0,121;0,154;0,114;0,166;0,123;0,111;0,102;0,123;0,075;0,092;0,151;0,171;0,125;0,155;0,111;0,167;0,121;0,121;0,102;0,13;0,075;0,071;0,144;0,175;0,122;0,15;0,117;0,159;0,12;0,121;0,101;0,139;0,073;0,074;0,171;0,204;0,144;0,155;0,117;0,178;0,134;0,325;0,123;0,183;0,076;0,07;0,145;0,173;0,121;0,148;0,111;0,161;0,125;0,153;0,1;0,12;0,073;0,088;0,089;0,086;0,086;0,088;0,087;0,087;0,087;0,087;0,086;0,089;0,091;0,088;0,088;0,087;0,085;0,083;0,084;0,086;0,085;0,086;0,087;0,09;0,091
Raw Data (600);1,83;0,089;0,09;0,088;0,086;0,086;0,086;0,085;0,086;0,085;0,088;0,091;0,089;0,148;0,148;0,182;0,122;0,155;0,117;0,169;0,121;0,112;0,101;0,125;0,074;0,084;0,152;0,173;0,125;0,157;0,111;0,168;0,121;0,121;0,099;0,125;0,074;0,071;0,146;0,176;0,122;0,153;0,117;0,16;0,121;0,125;0,102;0,14;0,073;0,072;0,181;0,21;0,148;0,16;0,121;0,184;0,138;0,33;0,126;0,201;0,076;0,07;0,145;0,172;0,121;0,153;0,11;0,167;0,122;0,152;0,1;0,121;0,074;0,087;0,087;0,085;0,086;0,086;0,087;0,086;0,087;0,086;0,086;0,089;0,091;0,088;0,088;0,086;0,085;0,085;0,084;0,086;0,086;0,084;0,086;0,089;0,091
Raw Data (600);2,00;0,09;0,09;0,088;0,088;0,087;0,088;0,086;0,086;0,085;0,088;0,092;0,09;0,148;0,146;0,182;0,125;0,161;0,118;0,173;0,122;0,111;0,102;0,126;0,074;0,079;0,152;0,173;0,126;0,164;0,114;0,171;0,122;0,123;0,101;0,127;0,076;0,071;0,146;0,177;0,127;0,163;0,119;0,164;0,121;0,126;0,102;0,141;0,073;0,074;0,181;0,217;0,154;0,166;0,123;0,193;0,14;0,327;0,135;0,221;0,076;0,07;0,146;0,174;0,124;0,159;0,112;0,167;0,125;0,155;0,1;0,123;0,074;0,088;0,088;0,085;0,086;0,087;0,087;0,087;0,087;0,087;0,087;0,09;0,092;0,089;0,088;0,087;0,085;0,085;0,085;0,086;0,086;0,086;0,088;0,09;0,091
Raw Data (600);2,17;0,09;0,09;0,088;0,087;0,087;0,088;0,086;0,085;0,085;0,088;0,092;0,09;0,15;0,15;0,182;0,131;0,169;0,121;0,175;0,122;0,113;0,101;0,126;0,075;0,072;0,151;0,174;0,128;0,17;0,115;0,179;0,123;0,123;0,1;0,129;0,074;0,071;0,149;0,181;0,127;0,171;0,123;0,169;0,122;0,129;0,101;0,143;0,073;0,074;0,183;0,22;0,16;0,173;0,126;0,199;0,14;0,325;0,144;0,239;0,075;0,07;0,147;0,174;0,125;0,164;0,116;0,177;0,124;0,156;0,098;0,122;0,073;0,087;0,088;0,085;0,085;0,085;0,087;0,087;0,086;0,087;0,086;0,089;0,091;0,088;0,088;0,087;0,084;0,084;0,085;0,084;0,084;0,085;0,087;0,089;0,09
Raw Data (600);2,33;0,09;0,089;0,089;0,086;0,086;0,086;0,085;0,085;0,085;0,087;0,091;0,089;0,15;0,147;0,183;0,129;0,177;0,117;0,179;0,123;0,113;0,101;0,128;0,075;0,071;0,151;0,175;0,13;0,179;0,115;0,174;0,123;0,124;0,099;0,127;0,073;0,07;0,148;0,18;0,128;0,175;0,119;0,168;0,121;0,128;0,101;0,144;0,072;0,073;0,184;0,225;0,165;0,181;0,127;0,203;0,143;0,333;0,155;0,259;0,075;0,069;0,147;0,174;0,127;0,171;0,114;0,172;0,125;0,154;0,099;0,122;0,073;0,086;0,087;0,085;0,085;0,085;0,086;0,085;0,085;0,084;0,085;0,088;0,09;0,087;0,087;0,085;0,084;0,083;0,084;0,084;0,084;0,084;0,086;0,089;0,089
Raw Data (600);2,50;0,089;0,089;0,089;0,086;0,085;0,086;0,085;0,085;0,085;0,087;0,091;0,09;0,151;0,149;0,186;0,134;0,185;0,121;0,182;0,124;0,113;0,101;0,131;0,073;0,074;0,154;0,177;0,132;0,186;0,117;0,18;0,123;0,126;0,1;0,133;0,074;0,07;0,148;0,18;0,132;0,186;0,122;0,171;0,122;0,13;0,101;0,145;0,072;0,075;0,189;0,23;0,169;0,191;0,135;0,213;0,145;0,332;0,186;0,286;0,075;0,07;0,149;0,178;0,129;0,179;0,117;0,18;0,127;0,158;0,098;0,122;0,072;0,087;0,088;0,087;0,086;0,086;0,086;0,086;0,086;0,085;0,086;0,088;0,09;0,089;0,088;0,086;0,084;0,083;0,084;0,084;0,084;0,085;0,086;0,089;0,09
Raw Data (600);2,67;0,09;0,091;0,089;0,087;0,087;0,088;0,086;0,086;0,086;0,088;0,092;0,091;0,155;0,151;0,187;0,135;0,191;0,123;0,191;0,124;0,127;0,098;0,133;0,074;0,114;0,154;0,177;0,136;0,192;0,119;0,187;0,124;0,129;0,1;0,138;0,073;0,071;0,152;0,18;0,133;0,196;0,126;0,175;0,124;0,132;0,099;0,143;0,074;0,075;0,191;0,235;0,173;0,202;0,139;0,221;0,147;0,333;0,2;0,312;0,075;0,07;0,152;0,179;0,131;0,193;0,12;0,189;0,128;0,14;0,099;0,124;0,073;0,089;0,088;0,085;0,086;0,086;0,086;0,087;0,086;0,086;0,086;0,09;0,091;0,088;0,088;0,087;0,084;0,084;0,084;0,085;0,084;0,085;0,086;0,09;0,09
Raw Data (600);2,83;0,089;0,09;0,089;0,086;0,088;0,087;0,086;0,085;0,085;0,087;0,092;0,089;0,153;0,149;0,187;0,139;0,194;0,125;0,189;0,125;0,116;0,102;0,136;0,075;0,105;0,155;0,179;0,139;0,195;0,118;0,188;0,125;0,127;0,101;0,141;0,073;0,071;0,151;0,182;0,139;0,201;0,128;0,178;0,124;0,133;0,102;0,151;0,073;0,074;0,193;0,24;0,176;0,21;0,142;0,229;0,152;0,341;0,21;0,345;0,076;0,07;0,149;0,179;0,133;0,201;0,118;0,186;0,129;0,16;0,099;0,125;0,073;0,087;0,088;0,085;0,086;0,086;0,086;0,086;0,086;0,086;0,085;0,089;0,09;0,087;0,087;0,086;0,085;0,083;0,084;0,084;0,084;0,085;0,086;0,088;0,089
Raw Data (600);3,00;0,089;0,089;0,088;0,087;0,087;0,087;0,086;0,085;0,085;0,087;0,092;0,09;0,154;0,154;0,187;0,142;0,195;0,129;0,196;0,127;0,118;0,102;0,137;0,075;0,073;0,156;0,181;0,142;0,197;0,124;0,199;0,126;0,129;0,1;0,142;0,074;0,072;0,153;0,184;0,141;0,202;0,131;0,184;0,125;0,135;0,103;0,156;0,073;0,074;0,198;0,244;0,18;0,231;0,146;0,238;0,15;0,348;0,234;0,358;0,077;0,071;0,152;0,181;0,137;0,212;0,123;0,193;0,129;0,164;0,099;0,127;0,073;0,088;0,089;0,086;0,086;0,087;0,087;0,087;0,087;0,085;0,086;0,089;0,091;0,088;0,088;0,087;0,084;0,084;0,085;0,084;0,086;0,085;0,087;0,089;0,091
Raw Data (600);3,17;0,089;0,089;0,089;0,087;0,085;0,087;0,086;0,085;0,085;0,088;0,091;0,091;0,155;0,15;0,188;0,147;0,2;0,132;0,198;0,126;0,117;0,102;0,14;0,075;0,072;0,156;0,18;0,146;0,2;0,124;0,199;0,125;0,128;0,101;0,142;0,084;0,071;0,152;0,188;0,147;0,205;0,136;0,186;0,124;0,134;0,101;0,155;0,072;0,073;0,197;0,247;0,183;0,243;0,149;0,247;0,15;0,344;0,257;0,398;0,075;0,07;0,151;0,179;0,141;0,223;0,125;0,195;0,128;0,164;0,098;0,128;0,073;0,086;0,086;0,085;0,085;0,086;0,086;0,085;0,087;0,086;0,085;0,089;0,091;0,087;0,088;0,086;0,084;0,083;0,085;0,085;0,084;0,084;0,086;0,089;0,09
Raw Data (600);3,33;0,091;0,091;0,09;0,087;0,087;0,088;0,086;0,086;0,086;0,088;0,093;0,09;0,156;0,152;0,192;0,152;0,197;0,135;0,212;0,128;0,121;0,104;0,143;0,076;0,108;0,156;0,183;0,158;0,197;0,127;0,213;0,126;0,131;0,102;0,144;0,073;0,072;0,154;0,187;0,151;0,203;0,137;0,192;0,127;0,138;0,103;0,16;0,072;0,074;0,202;0,252;0,19;0,262;0,154;0,252;0,154;0,357;0,299;0,442;0,078;0,071;0,153;0,183;0,145;0,236;0,128;0,198;0,131;0,167;0,101;0,13;0,074;0,088;0,089;0,086;0,088;0,088;0,088;0,087;0,087;0,086;0,086;0,09;0,092;0,088;0,088;0,087;0,086;0,084;0,085;0,086;0,085;0,086;0,087;0,091;0,09
Raw Data (600);3,50;0,09;0,089;0,088;0,087;0,087;0,087;0,085;0,085;0,085;0,087;0,091;0,09;0,158;0,154;0,195;0,158;0,2;0,139;0,217;0,127;0,121;0,102;0,15;0,075;0,111;0,158;0,185;0,16;0,199;0,131;0,208;0,127;0,132;0,102;0,152;0,075;0,071;0,154;0,19;0,158;0,206;0,143;0,196;0,124;0,138;0,104;0,164;0,072;0,073;0,206;0,259;0,195;0,275;0,158;0,261;0,155;0,357;0,322;0,488;0,075;0,07;0,153;0,183;0,148;0,255;0,13;0,205;0,132;0,167;0,099;0,131;0,073;0,087;0,087;0,086;0,087;0,086;0,086;0,087;0,086;0,085;0,085;0,089;0,091;0,087;0,086;0,086;0,085;0,083;0,084;0,084;0,083;0,083;0,085;0,089;0,09
Raw Data (600);3,67;0,09;0,089;0,088;0,087;0,087;0,088;0,086;0,085;0,085;0,088;0,091;0,09;0,157;0,152;0,192;0,167;0,196;0,145;0,223;0,129;0,119;0,102;0,154;0,074;0,118;0,157;0,184;0,177;0,196;0,139;0,219;0,127;0,134;0,102;0,158;0,073;0,07;0,155;0,189;0,163;0,205;0,147;0,199;0,128;0,14;0,104;0,169;0,074;0,073;0,209;0,263;0,197;0,296;0,163;0,272;0,158;0,365;0,382;0,536;0,076;0,07;0,153;0,186;0,154;0,273;0,134;0,207;0,131;0,169;0,098;0,133;0,074;0,086;0,088;0,086;0,086;0,085;0,086;0,086;0,087;0,086;0,085;0,088;0,091;0,087;0,088;0,086;0,084;0,084;0,083;0,085;0,084;0,084;0,086;0,089;0,09
Raw Data (600);3,83;0,09;0,09;0,089;0,087;0,087;0,086;0,086;0,085;0,085;0,088;0,092;0,09;0,158;0,149;0,193;0,172;0,197;0,147;0,225;0,128;0,122;0,102;0,164;0,075;0,09;0,158;0,186;0,171;0,198;0,136;0,223;0,128;0,134;0,102;0,165;0,073;0,071;0,157;0,188;0,173;0,205;0,151;0,205;0,127;0,142;0,102;0,172;0,073;0,074;0,211;0,271;0,201;0,313;0,168;0,279;0,16;0,366;0,417;0,594;0,075;0,07;0,155;0,188;0,161;0,29;0,137;0,211;0,131;0,171;0,099;0,134;0,072;0,086;0,087;0,086;0,086;0,086;0,087;0,086;0,085;0,085;0,086;0,088;0,09;0,087;0,088;0,086;0,084;0,085;0,085;0,085;0,084;0,084;0,086;0,089;0,089
Raw Data (600);4,00;0,089;0,09;0,087;0,086;0,087;0,087;0,086;0,085;0,086;0,087;0,091;0,09;0,159;0,156;0,189;0,181;0,197;0,153;0,229;0,13;0,123;0,103;0,18;0,075;0,074;0,16;0,187;0,176;0,196;0,143;0,225;0,127;0,135;0,101;0,169;0,074;0,071;0,157;0,192;0,184;0,206;0,157;0,206;0,127;0,143;0,104;0,179;0,072;0,074;0,213;0,276;0,203;0,331;0,174;0,292;0,163;0,368;0,47;0,666;0,076;0,07;0,156;0,189;0,169;0,318;0,14;0,212;0,131;0,173;0,099;0,134;0,073;0,087;0,087;0,085;0,085;0,085;0,087;0,086;0,086;0,085;0,085;0,089;0,09;0,088;0,087;0,086;0,085;0,083;0,084;0,085;0,083;0,085;0,087;0,09;0,089
Raw Data (600);4,17;0,089;0,091;0,088;0,087;0,087;0,088;0,086;0,087;0,086;0,089;0,093;0,09;0,159;0,154;0,192;0,188;0,2;0,158;0,236;0,13;0,124;0,104;0,193;0,076;0,076;0,161;0,189;0,178;0,199;0,147;0,228;0,13;0,136;0,103;0,175;0,075;0,071;0,158;0,191;0,189;0,209;0,16;0,212;0,128;0,147;0,104;0,186;0,074;0,075;0,22;0,284;0,209;0,347;0,183;0,301;0,166;0,366;0,518;0,756;0,076;0,071;0,158;0,19;0,175;0,344;0,143;0,22;0,134;0,176;0,1;0,136;0,074;0,088;0,089;0,086;0,087;0,086;0,087;0,087;0,087;0,087;0,087;0,089;0,092;0,088;0,089;0,087;0,085;0,085;0,086;0,086;0,085;0,085;0,086;0,089;0,09
Raw Data (600);4,33;0,089;0,091;0,088;0,087;0,087;0,087;0,086;0,086;0,086;0,088;0,092;0,09;0,159;0,157;0,198;0,187;0,198;0,162;0,239;0,131;0,124;0,104;0,202;0,075;0,073;0,162;0,191;0,178;0,2;0,143;0,232;0,13;0,136;0,103;0,18;0,074;0,071;0,159;0,196;0,189;0,209;0,166;0,218;0,129;0,148;0,104;0,194;0,073;0,075;0,219;0,288;0,211;0,353;0,186;0,314;0,165;0,371;0,524;0,844;0,077;0,071;0,159;0,191;0,186;0,369;0,15;0,222;0,135;0,179;0,1;0,137;0,073;0,087;0,088;0,086;0,087;0,086;0,088;0,086;0,087;0,086;0,086;0,09;0,09;0,088;0,087;0,086;0,084;0,084;0,085;0,086;0,085;0,084;0,087;0,09;0,091
Raw Data (600);4,50;0,09;0,091;0,088;0,086;0,087;0,087;0,087;0,085;0,085;0,088;0,092;0,091;0,161;0,155;0,199;0,186;0,197;0,168;0,25;0,132;0,125;0,105;0,21;0,074;0,114;0,16;0,194;0,181;0,198;0,152;0,238;0,131;0,139;0,104;0,189;0,076;0,072;0,159;0,204;0,192;0,209;0,172;0,226;0,13;0,149;0,104;0,202;0,073;0,075;0,223;0,295;0,214;0,368;0,195;0,323;0,174;0,375;0,56;0,895;0,077;0,07;0,158;0,192;0,195;0,385;0,154;0,229;0,134;0,181;0,101;0,138;0,074;0,087;0,087;0,085;0,084;0,086;0,087;0,086;0,086;0,086;0,085;0,089;0,09;0,088;0,087;0,086;0,084;0,083;0,085;0,086;0,084;0,084;0,086;0,089;0,089
Raw Data (600);4,67;0,09;0,09;0,089;0,086;0,087;0,087;0,087;0,086;0,086;0,087;0,093;0,09;0,164;0,156;0,2;0,189;0,195;0,17;0,265;0,132;0,126;0,105;0,211;0,075;0,084;0,163;0,192;0,183;0,197;0,157;0,25;0,131;0,14;0,104;0,196;0,076;0,071;0,16;0,203;0,192;0,21;0,176;0,229;0,131;0,152;0,106;0,213;0,073;0,074;0,228;0,3;0,218;0,383;0,203;0,336;0,175;0,378;0,662;0,965;0,077;0,07;0,16;0,193;0,206;0,409;0,157;0,235;0,135;0,184;0,1;0,141;0,074;0,088;0,088;0,086;0,086;0,087;0,087;0,087;0,087;0,086;0,086;0,09;0,091;0,087;0,087;0,087;0,085;0,085;0,084;0,085;0,085;0,086;0,087;0,09;0,091
Raw Data (600);4,83;0,09;0,091;0,089;0,086;0,087;0,086;0,086;0,085;0,085;0,088;0,091;0,09;0,165;0,161;0,202;0,189;0,194;0,172;0,273;0,133;0,126;0,106;0,216;0,074;0,072;0,162;0,195;0,184;0,195;0,157;0,262;0,131;0,14;0,106;0,201;0,074;0,07;0,158;0,202;0,197;0,21;0,182;0,236;0,13;0,154;0,105;0,224;0,073;0,074;0,229;0,303;0,222;0,391;0,207;0,344;0,171;0,381;0,689;1,006;0,076;0,069;0,16;0,195;0,219;0,424;0,164;0,237;0,136;0,185;0,099;0,142;0,074;0,087;0,087;0,085;0,085;0,086;0,087;0,086;0,086;0,087;0,087;0,089;0,092;0,088;0,088;0,086;0,084;0,083;0,083;0,085;0,086;0,084;0,087;0,09;0,09
Raw Data (600);5,00;0,089;0,089;0,088;0,086;0,087;0,087;0,085;0,085;0,085;0,087;0,092;0,089;0,164;0,16;0,199;0,189;0,195;0,173;0,274;0,134;0,127;0,107;0,197;0,074;0,11;0,164;0,197;0,189;0,197;0,159;0,263;0,133;0,142;0,106;0,204;0,074;0,069;0,162;0,206;0,2;0,213;0,183;0,24;0,13;0,154;0,108;0,232;0,071;0,073;0,235;0,31;0,225;0,402;0,216;0,356;0,178;0,384;0,645;1,045;0,076;0,07;0,161;0,197;0,235;0,45;0,159;0,242;0,136;0,187;0,099;0,142;0,072;0,086;0,087;0,084;0,085;0,085;0,086;0,086;0,086;0,085;0,084;0,088;0,09;0,087;0,088;0,085;0,083;0,083;0,084;0,083;0,084;0,083;0,085;0,089;0,089
Raw Data (600);5,17;0,089;0,089;0,088;0,085;0,086;0,087;0,085;0,085;0,085;0,088;0,092;0,09;0,165;0,157;0,2;0,193;0,196;0,178;0,298;0,134;0,129;0,109;0,198;0,074;0,106;0,165;0,195;0,189;0,198;0,156;0,276;0,133;0,142;0,106;0,208;0,074;0,07;0,165;0,221;0,202;0,215;0,187;0,249;0,133;0,159;0,11;0,239;0,073;0,074;0,241;0,319;0,23;0,426;0,226;0,361;0,185;0,387;0,708;1,092;0,075;0,07;0,161;0,199;0,258;0,464;0,175;0,247;0,138;0,19;0,1;0,147;0,073;0,088;0,087;0,085;0,086;0,086;0,086;0,087;0,087;0,086;0,085;0,089;0,091;0,087;0,088;0,086;0,084;0,084;0,084;0,085;0,085;0,084;0,086;0,09;0,09
Raw Data (600);5,33;0,09;0,091;0,088;0,088;0,088;0,088;0,086;0,087;0,086;0,088;0,092;0,09;0,167;0,16;0,201;0,194;0,197;0,173;0,297;0,134;0,13;0,111;0,201;0,075;0,081;0,167;0,199;0,193;0,197;0,168;0,281;0,133;0,142;0,107;0,213;0,074;0,07;0,165;0,22;0,208;0,218;0,192;0,256;0,135;0,161;0,109;0,241;0,074;0,074;0,246;0,322;0,234;0,44;0,233;0,364;0,182;0,397;0,781;1,147;0,076;0,071;0,165;0,202;0,275;0,486;0,178;0,253;0,139;0,195;0,1;0,149;0,076;0,087;0,088;0,085;0,087;0,087;0,087;0,087;0,087;0,085;0,087;0,089;0,092;0,087;0,088;0,086;0,085;0,085;0,086;0,085;0,085;0,087;0,086;0,09;0,091
Raw Data (600);5,50;0,09;0,09;0,089;0,088;0,088;0,088;0,086;0,086;0,086;0,088;0,092;0,092;0,168;0,164;0,2;0,2;0,195;0,176;0,314;0,136;0,131;0,112;0,203;0,076;0,08;0,167;0,201;0,197;0,197;0,172;0,29;0,135;0,145;0,108;0,216;0,088;0,07;0,166;0,222;0,212;0,22;0,194;0,266;0,136;0,164;0,111;0,247;0,074;0,074;0,25;0,324;0,238;0,457;0,241;0,377;0,18;0,4;0,797;1,182;0,078;0,07;0,165;0,202;0,298;0,513;0,187;0,258;0,14;0,198;0,101;0,151;0,076;0,088;0,089;0,086;0,087;0,086;0,087;0,086;0,087;0,087;0,087;0,091;0,092;0,088;0,088;0,087;0,085;0,084;0,085;0,086;0,085;0,086;0,087;0,091;0,091
Raw Data (600);5,67;0,089;0,089;0,088;0,086;0,086;0,086;0,086;0,085;0,085;0,088;0,092;0,089;0,168;0,16;0,21;0,2;0,196;0,177;0,32;0,136;0,144;0,107;0,201;0,074;0,111;0,164;0,201;0,198;0,198;0,168;0,302;0,134;0,15;0,106;0,216;0,09;0,069;0,166;0,224;0,217;0,218;0,193;0,272;0,134;0,165;0,107;0,241;0,072;0,074;0,257;0,328;0,242;0,463;0,253;0,395;0,181;0,397;0,761;1,203;0,076;0,069;0,164;0,202;0,316;0,528;0,193;0,269;0,139;0,174;0,099;0,152;0,073;0,087;0,086;0,084;0,085;0,086;0,086;0,086;0,087;0,085;0,086;0,089;0,09;0,087;0,088;0,086;0,084;0,083;0,084;0,084;0,085;0,084;0,086;0,089;0,09
Raw Data (600);5,83;0,089;0,091;0,089;0,087;0,087;0,087;0,085;0,086;0,086;0,088;0,092;0,091;0,167;0,166;0,206;0,205;0,195;0,176;0,336;0,138;0,131;0,113;0,205;0,076;0,073;0,168;0,204;0,204;0,196;0,171;0,321;0,137;0,147;0,11;0,219;0,073;0,069;0,168;0,224;0,222;0,22;0,194;0,283;0,136;0,164;0,113;0,253;0,073;0,074;0,264;0,331;0,244;0,477;0,261;0,39;0,183;0,401;0,845;1,239;0,076;0,07;0,166;0,199;0,341;0,549;0,191;0,273;0,14;0,2;0,1;0,155;0,073;0,087;0,087;0,086;0,086;0,085;0,086;0,087;0,087;0,086;0,085;0,088;0,091;0,088;0,088;0,087;0,086;0,084;0,084;0,085;0,085;0,084;0,087;0,089;0,09
Raw Data (600);6,00;0,09;0,09;0,089;0,088;0,087;0,088;0,086;0,087;0,086;0,089;0,093;0,091;0,172;0,163;0,212;0,219;0,197;0,18;0,378;0,139;0,117;0,113;0,207;0,076;0,09;0,168;0,204;0,217;0,199;0,169;0,336;0,136;0,148;0,113;0,222;0,076;0,07;0,166;0,234;0,246;0,224;0,201;0,298;0,139;0,161;0,114;0,258;0,073;0,074;0,271;0,338;0,249;0,49;0,272;0,409;0,186;0,341;0,837;1,291;0,077;0,07;0,168;0,203;0,402;0,575;0,204;0,29;0,142;0,203;0,1;0,158;0,074;0,087;0,088;0,085;0,086;0,086;0,086;0,087;0,087;0,087;0,086;0,089;0,092;0,087;0,088;0,087;0,084;0,084;0,085;0,085;0,084;0,084;0,086;0,089;0,091
Raw Data (600);6,17;0,09;0,09;0,088;0,086;0,087;0,086;0,086;0,085;0,084;0,087;0,091;0,089;0,168;0,167;0,225;0,217;0,196;0,18;0,367;0,138;0,134;0,115;0,206;0,074;0,113;0,167;0,205;0,215;0,202;0,176;0,331;0,137;0,149;0,112;0,221;0,091;0,07;0,167;0,23;0,254;0,225;0,2;0,289;0,137;0,168;0,116;0,261;0,072;0,073;0,273;0,341;0,251;0,498;0,284;0,414;0,244;0,411;0,826;1,307;0,076;0,07;0,167;0,194;0,432;0,6;0,2;0,273;0,141;0,205;0,101;0,16;0,075;0,086;0,087;0,085;0,085;0,086;0,086;0,084;0,085;0,085;0,085;0,088;0,09;0,086;0,085;0,085;0,083;0,082;0,082;0,084;0,083;0,083;0,084;0,088;0,089
Raw Data (600);6,33;0,089;0,09;0,087;0,087;0,087;0,086;0,085;0,086;0,085;0,088;0,091;0,089;0,174;0,165;0,211;0,234;0,197;0,179;0,415;0,142;0,118;0,117;0,209;0,075;0,116;0,167;0,207;0,225;0,201;0,175;0,353;0,136;0,15;0,116;0,224;0,077;0,069;0,17;0,24;0,269;0,227;0,197;0,313;0,138;0,164;0,118;0,269;0,073;0,073;0,278;0,346;0,256;0,506;0,294;0,437;0,227;0,345;0,858;1,362;0,076;0,069;0,168;0,207;0,474;0,629;0,215;0,296;0,142;0,205;0,099;0,162;0,075;0,086;0,087;0,085;0,085;0,085;0,085;0,085;0,086;0,086;0,085;0,088;0,091;0,087;0,086;0,085;0,082;0,083;0,083;0,083;0,083;0,083;0,085;0,089;0,09
Raw Data (600);6,50;0,089;0,089;0,089;0,087;0,088;0,087;0,085;0,085;0,085;0,088;0,092;0,088;0,174;0,166;0,212;0,245;0,201;0,179;0,431;0,142;0,119;0,119;0,21;0,075;0,119;0,169;0,207;0,23;0,203;0,169;0,349;0,136;0,152;0,117;0,226;0,087;0,069;0,169;0,231;0,281;0,23;0,199;0,325;0,141;0,165;0,117;0,273;0,071;0,073;0,283;0,351;0,26;0,511;0,303;0,441;0,201;0,344;0,924;1,375;0,076;0,07;0,169;0,203;0,521;0,651;0,227;0,303;0,141;0,209;0,099;0,165;0,074;0,087;0,088;0,084;0,086;0,085;0,086;0,086;0,086;0,085;0,086;0,088;0,091;0,086;0,087;0,086;0,083;0,082;0,084;0,083;0,083;0,084;0,085;0,089;0,089
Raw Data (600);6,67;0,088;0,09;0,088;0,086;0,087;0,087;0,085;0,086;0,087;0,088;0,093;0,09;0,174;0,172;0,219;0,242;0,198;0,177;0,424;0,141;0,136;0,124;0,211;0,076;0,086;0,17;0,209;0,23;0,199;0,175;0,359;0,137;0,152;0,121;0,229;0,08;0,069;0,171;0,238;0,274;0,233;0,201;0,325;0,138;0,174;0,123;0,279;0,072;0,075;0,284;0,356;0,263;0,521;0,313;0,46;0,204;0,414;0,938;1,395;0,075;0,069;0,169;0,205;0,516;0,689;0,232;0,298;0,142;0,212;0,099;0,17;0,075;0,086;0,086;0,085;0,086;0,086;0,086;0,086;0,085;0,085;0,085;0,088;0,09;0,086;0,086;0,084;0,084;0,082;0,083;0,083;0,083;0,084;0,086;0,088;0,089
Raw Data (600);6,83;0,09;0,09;0,087;0,086;0,086;0,087;0,085;0,085;0,085;0,088;0,09;0,09;0,176;0,163;0,218;0,239;0,196;0,179;0,438;0,142;0,136;0,127;0,212;0,076;0,105;0,17;0,211;0,231;0,199;0,177;0,387;0,139;0,153;0,123;0,228;0,077;0,069;0,173;0,238;0,271;0,233;0,203;0,345;0,139;0,174;0,125;0,279;0,072;0,073;0,287;0,36;0,267;0,524;0,325;0,483;0,2;0,411;0,886;1,425;0,074;0,069;0,169;0,212;0,523;0,678;0,234;0,31;0,143;0,213;0,1;0,173;0,073;0,086;0,087;0,084;0,085;0,085;0,084;0,085;0,085;0,084;0,085;0,088;0,09;0,087;0,086;0,085;0,083;0,082;0,083;0,084;0,084;0,084;0,085;0,089;0,089
Raw Data (600);7,00;0,089;0,09;0,089;0,088;0,087;0,088;0,087;0,086;0,087;0,089;0,093;0,092;0,177;0,174;0,216;0,256;0,2;0,178;0,489;0,147;0,122;0,13;0,215;0,076;0,076;0,172;0,211;0,24;0,204;0,171;0,389;0,138;0,155;0,129;0,233;0,082;0,07;0,172;0,237;0,295;0,24;0,203;0,38;0,142;0,171;0,132;0,288;0,073;0,073;0,296;0,367;0,272;0,53;0,334;0,49;0,206;0,351;0,945;1,456;0,076;0,071;0,172;0,205;0,539;0,726;0,254;0,337;0,145;0,219;0,102;0,176;0,075;0,088;0,088;0,086;0,086;0,086;0,087;0,087;0,087;0,087;0,086;0,09;0,092;0,089;0,088;0,086;0,085;0,083;0,084;0,086;0,084;0,086;0,086;0,09;0,092
Raw Data (600);7,17;0,09;0,09;0,088;0,086;0,087;0,087;0,086;0,085;0,084;0,088;0,091;0,09;0,179;0,171;0,209;0,278;0,2;0,174;0,497;0,145;0,12;0,131;0,213;0,075;0,106;0,172;0,212;0,244;0,202;0,175;0,415;0,138;0,156;0,131;0,232;0,087;0,068;0,171;0,23;0,311;0,238;0,199;0,388;0,142;0,173;0,133;0,299;0,073;0,072;0,3;0,372;0,274;0,538;0,347;0,496;0,218;0,354;0,978;1,476;0,076;0,07;0,172;0,207;0,542;0,77;0,259;0,328;0,144;0,22;0,101;0,179;0,079;0,087;0,087;0,084;0,084;0,086;0,085;0,085;0,086;0,084;0,085;0,088;0,09;0,086;0,087;0,085;0,083;0,083;0,083;0,084;0,083;0,084;0,085;0,088;0,09
Raw Data (600);7,33;0,089;0,089;0,088;0,087;0,086;0,088;0,086;0,085;0,085;0,087;0,091;0,09;0,179;0,175;0,217;0,29;0,201;0,177;0,512;0,143;0,12;0,136;0,215;0,075;0,109;0,17;0,212;0,247;0,205;0,174;0,405;0,138;0,155;0,135;0,235;0,085;0,068;0,173;0,235;0,328;0,241;0,2;0,397;0,143;0,17;0,136;0,346;0,072;0,072;0,321;0,375;0,279;0,539;0,355;0,502;0,248;0,353;1,025;1,484;0,075;0,068;0,171;0,206;0,553;0,818;0,269;0,34;0,145;0,218;0,1;0,182;0,071;0,085;0,086;0,084;0,085;0,084;0,085;0,084;0,085;0,084;0,086;0,087;0,09;0,086;0,086;0,085;0,083;0,082;0,082;0,084;0,083;0,084;0,084;0,088;0,089
Raw Data (600);7,50;0,089;0,09;0,089;0,087;0,088;0,087;0,087;0,085;0,085;0,089;0,092;0,089;0,178;0,173;0,214;0,301;0,202;0,175;0,529;0,146;0,12;0,143;0,219;0,075;0,074;0,172;0,213;0,249;0,207;0,171;0,414;0,14;0,157;0,142;0,24;0,09;0,069;0,174;0,235;0,333;0,244;0,2;0,42;0,145;0,173;0,142;0,357;0,072;0,073;0,331;0,385;0,282;0,54;0,373;0,521;0,251;0,357;1,095;1,524;0,076;0,069;0,175;0,219;0,558;0,859;0,278;0,358;0,146;0,222;0,102;0,188;0,074;0,085;0,088;0,085;0,087;0,086;0,085;0,087;0,086;0,086;0,086;0,088;0,091;0,088;0,088;0,086;0,084;0,083;0,084;0,084;0,084;0,083;0,086;0,09;0,09
Raw Data (600);7,67;0,09;0,09;0,089;0,087;0,086;0,087;0,087;0,085;0,086;0,087;0,091;0,09;0,18;0,171;0,224;0,305;0,201;0,175;0,552;0,147;0,121;0,147;0,215;0,075;0,118;0,172;0,214;0,252;0,205;0,172;0,435;0,14;0,157;0,147;0,24;0,08;0,07;0,175;0,238;0,326;0,245;0,2;0,44;0,144;0,173;0,146;0,344;0,072;0,073;0,331;0,389;0,286;0,546;0,385;0,528;0,232;0,362;1,104;1,549;0,076;0,07;0,174;0,211;0,556;0,861;0,281;0,364;0,147;0,224;0,102;0,191;0,074;0,087;0,088;0,085;0,086;0,085;0,086;0,086;0,087;0,086;0,086;0,088;0,091;0,087;0,087;0,086;0,085;0,083;0,084;0,085;0,084;0,085;0,086;0,09;0,09
Raw Data (600);7,83;0,089;0,089;0,089;0,086;0,087;0,088;0,086;0,085;0,086;0,087;0,091;0,09;0,182;0,179;0,215;0,314;0,202;0,174;0,57;0,148;0,122;0,152;0,216;0,074;0,081;0,174;0,215;0,256;0,206;0,173;0,438;0,14;0,159;0,153;0,242;0,092;0,07;0,176;0,238;0,339;0,25;0,202;0,462;0,145;0,175;0,153;0,375;0,073;0,073;0,341;0,397;0,29;0,55;0,39;0,547;0,277;0,364;1,151;1,572;0,076;0,07;0,177;0,212;0,568;0,909;0,293;0,382;0,147;0,224;0,102;0,196;0,073;0,087;0,088;0,085;0,086;0,086;0,086;0,086;0,086;0,085;0,085;0,088;0,09;0,088;0,088;0,086;0,085;0,083;0,083;0,084;0,084;0,084;0,086;0,089;0,09
Raw Data (600);8,00;0,09;0,092;0,09;0,089;0,089;0,088;0,088;0,087;0,087;0,089;0,094;0,092;0,184;0,169;0,219;0,327;0,204;0,176;0,589;0,15;0,127;0,16;0,22;0,078;0,113;0,178;0,217;0,262;0,21;0,172;0,451;0,143;0,161;0,16;0,245;0,085;0,071;0,178;0,252;0,342;0,254;0,203;0,482;0,147;0,179;0,163;0,372;0,075;0,075;0,346;0,405;0,298;0,559;0,416;0,563;0,29;0,369;1,143;1,612;0,078;0,071;0,18;0,221;0,568;0,899;0,314;0,398;0,15;0,23;0,104;0,204;0,078;0,089;0,089;0,088;0,089;0,088;0,087;0,089;0,088;0,088;0,088;0,09;0,092;0,089;0,09;0,087;0,086;0,085;0,086;0,086;0,086;0,086;0,088;0,091;0,092
Raw Data (600);8,17;0,089;0,09;0,089;0,088;0,087;0,087;0,086;0,085;0,085;0,087;0,092;0,09;0,182;0,167;0,223;0,334;0,205;0,174;0,597;0,148;0,124;0,167;0,218;0,075;0,112;0,177;0,218;0,261;0,206;0,168;0,464;0,141;0,16;0,167;0,246;0,083;0,069;0,178;0,241;0,359;0,255;0,204;0,502;0,146;0,177;0,167;0,413;0,073;0,073;0,351;0,408;0,3;0,557;0,419;0,578;0,328;0,367;1,193;1,604;0,076;0,07;0,178;0,223;0,582;0,934;0,31;0,399;0,148;0,228;0,103;0,207;0,081;0,087;0,088;0,086;0,086;0,086;0,087;0,087;0,086;0,086;0,086;0,089;0,091;0,087;0,087;0,086;0,085;0,084;0,084;0,085;0,084;0,084;0,086;0,09;0,09
Raw Data (600);8,33;0,091;0,09;0,089;0,086;0,087;0,087;0,086;0,085;0,085;0,088;0,092;0,09;0,181;0,183;0,225;0,325;0,204;0,172;0,619;0,149;0,125;0,176;0,219;0,076;0,076;0,179;0,218;0,255;0,209;0,168;0,496;0,143;0,163;0,174;0,248;0,094;0,07;0,177;0,236;0,348;0,257;0,201;0,524;0,147;0,179;0,174;0,413;0,074;0,073;0,355;0,414;0,303;0,557;0,426;0,582;0,335;0,365;1,197;1,619;0,076;0,07;0,179;0,224;0,587;0,976;0,315;0,414;0,149;0,229;0,104;0,212;0,073;0,087;0,089;0,086;0,086;0,086;0,086;0,086;0,086;0,086;0,086;0,089;0,091;0,088;0,087;0,086;0,083;0,084;0,085;0,084;0,083;0,084;0,086;0,089;0,09
Raw Data (600);8,50;0,09;0,09;0,088;0,087;0,086;0,088;0,087;0,086;0,086;0,088;0,092;0,091;0,184;0,181;0,229;0,334;0,203;0,169;0,624;0,15;0,125;0,179;0,221;0,076;0,078;0,178;0,221;0,26;0,209;0,166;0,469;0,144;0,164;0,184;0,246;0,089;0,07;0,179;0,24;0,348;0,26;0,202;0,524;0,147;0,18;0,185;0,416;0,074;0,073;0,358;0,422;0,308;0,56;0,44;0,599;0,337;0,373;1,226;1,635;0,076;0,071;0,181;0,227;0,59;0,969;0,323;0,422;0,15;0,235;0,104;0,22;0,074;0,087;0,088;0,086;0,087;0,086;0,087;0,087;0,087;0,086;0,085;0,089;0,092;0,088;0,089;0,087;0,084;0,083;0,085;0,085;0,085;0,085;0,086;0,089;0,091
Raw Data (600);8,67;0,089;0,09;0,088;0,087;0,088;0,087;0,086;0,086;0,086;0,088;0,093;0,091;0,186;0,182;0,23;0,341;0,205;0,168;0,647;0,15;0,126;0,185;0,223;0,078;0,123;0,182;0,221;0,268;0,212;0,169;0,507;0,144;0,163;0,189;0,252;0,091;0,07;0,179;0,236;0,36;0,264;0,203;0,55;0,149;0,181;0,191;0,423;0,072;0,073;0,368;0,43;0,315;0,556;0,453;0,615;0,284;0,377;1,226;1,599;0,077;0,071;0,181;0,225;0,599;0,959;0,335;0,432;0,151;0,241;0,107;0,228;0,074;0,087;0,089;0,086;0,085;0,087;0,087;0,087;0,087;0,087;0,087;0,09;0,093;0,088;0,089;0,086;0,085;0,085;0,085;0,085;0,084;0,085;0,087;0,09;0,092
Raw Data (600);8,83;0,09;0,09;0,089;0,086;0,087;0,087;0,085;0,085;0,085;0,087;0,092;0,09;0,186;0,182;0,229;0,314;0,205;0,165;0,637;0,15;0,143;0,189;0,217;0,075;0,079;0,18;0,223;0,253;0,21;0,164;0,495;0,146;0,165;0,192;0,248;0,086;0,068;0,181;0,243;0,327;0,266;0,2;0,533;0,147;0,19;0,197;0,382;0,074;0,073;0,389;0,438;0,314;0,561;0,459;0,619;0,269;0,444;1,195;1,643;0,077;0,07;0,181;0,226;0,581;0,86;0,335;0,444;0,152;0,24;0,104;0,234;0,078;0,085;0,086;0,086;0,086;0,086;0,086;0,086;0,086;0,085;0,085;0,088;0,09;0,087;0,087;0,086;0,084;0,083;0,084;0,084;0,083;0,084;0,085;0,09;0,089
Raw Data (600);9,00;0,089;0,091;0,088;0,088;0,086;0,087;0,086;0,086;0,086;0,088;0,092;0,09;0,187;0,181;0,222;0,359;0,208;0,164;0,675;0,151;0,127;0,194;0,229;0,076;0,1;0,18;0,224;0,268;0,22;0,166;0,504;0,147;0,165;0,196;0,253;0,08;0,069;0,181;0,239;0,391;0,272;0,201;0,562;0,148;0,185;0,185;0,465;0,072;0,073;0,381;0,444;0,321;0,557;0,472;0,648;0,311;0,384;1,259;1,664;0,076;0,07;0,182;0,222;0,608;0,943;0,344;0,471;0,152;0,243;0,105;0,244;0,072;0,087;0,088;0,086;0,086;0,086;0,086;0,087;0,086;0,086;0,086;0,09;0,091;0,088;0,088;0,087;0,085;0,084;0,086;0,085;0,085;0,084;0,087;0,09;0,091
Raw Data (600);9,17;0,09;0,09;0,089;0,087;0,087;0,087;0,086;0,086;0,086;0,088;0,092;0,091;0,188;0,183;0,236;0,348;0,205;0,166;0,672;0,152;0,147;0,195;0,22;0,076;0,086;0,182;0,225;0,264;0,215;0,164;0,514;0,148;0,167;0,201;0,252;0,085;0,07;0,185;0,253;0,368;0,273;0,2;0,555;0,148;0,195;0,225;0,482;0,074;0,075;0,4;0,452;0,324;0,563;0,489;0,653;0,373;0,449;1,222;1,714;0,076;0,07;0,185;0,228;0,607;0,905;0,347;0,475;0,154;0,245;0,107;0,252;0,076;0,088;0,088;0,085;0,086;0,087;0,087;0,087;0,087;0,086;0,086;0,089;0,091;0,088;0,088;0,085;0,085;0,084;0,085;0,086;0,084;0,085;0,086;0,089;0,091
Raw Data (600);9,33;0,089;0,089;0,088;0,086;0,086;0,087;0,085;0,085;0,085;0,088;0,091;0,09;0,188;0,18;0,223;0,358;0,208;0,164;0,67;0,152;0,145;0,196;0,222;0,075;0,104;0,18;0,227;0,266;0,218;0,163;0,505;0,149;0,167;0,2;0,254;0,092;0,069;0,184;0,247;0,386;0,277;0,2;0,548;0,148;0,194;0,234;0,516;0,073;0,073;0,408;0,465;0,329;0,559;0,492;0,669;0,403;0,453;1,274;1,722;0,076;0,069;0,184;0,229;0,628;0,889;0,348;0,491;0,155;0,245;0,106;0,265;0,074;0,088;0,087;0,084;0,085;0,086;0,087;0,085;0,086;0,087;0,086;0,088;0,091;0,087;0,088;0,087;0,084;0,084;0,084;0,084;0,084;0,084;0,087;0,088;0,09
Raw Data (600);9,50;0,089;0,09;0,088;0,087;0,088;0,087;0,087;0,085;0,086;0,088;0,092;0,089;0,189;0,181;0,235;0,371;0,208;0,159;0,689;0,153;0,148;0,197;0,223;0,076;0,097;0,183;0,227;0,266;0,217;0,161;0,524;0,149;0,168;0,201;0,254;0,09;0,069;0,186;0,246;0,372;0,279;0,201;0,537;0,149;0,195;0,245;0,52;0,073;0,073;0,417;0,468;0,332;0,562;0,503;0,687;0,418;0,456;1,25;1,697;0,075;0,07;0,185;0,23;0,641;0,879;0,351;0,516;0,155;0,247;0,107;0,271;0,077;0,087;0,086;0,085;0,086;0,087;0,086;0,086;0,085;0,085;0,084;0,088;0,091;0,088;0,088;0,086;0,084;0,084;0,083;0,085;0,084;0,085;0,086;0,088;0,09
Raw Data (600);9,67;0,089;0,089;0,088;0,087;0,087;0,086;0,086;0,086;0,085;0,087;0,091;0,09;0,192;0,175;0,233;0,397;0,211;0,157;0,721;0,154;0,13;0,197;0,272;0,075;0,106;0,182;0,229;0,275;0,235;0,163;0,547;0,149;0,169;0,205;0,276;0,086;0,07;0,186;0,252;0,423;0,285;0,201;0,611;0,155;0,188;0,256;0,574;0,073;0,074;0,406;0,482;0,34;0,564;0,513;0,708;0,414;0,394;1,308;1,712;0,076;0,071;0,186;0,234;0,688;0,913;0,355;0,543;0,155;0,253;0,109;0,287;0,074;0,086;0,087;0,085;0,085;0,086;0,086;0,086;0,087;0,086;0,084;0,088;0,092;0,088;0,088;0,085;0,084;0,084;0,085;0,084;0,085;0,085;0,086;0,089;0,09
Raw Data (600);9,83;0,091;0,09;0,089;0,087;0,087;0,087;0,086;0,086;0,086;0,088;0,092;0,091;0,193;0,174;0,235;0,424;0,213;0,158;0,717;0,154;0,144;0,196;0,304;0,081;0,074;0,184;0,229;0,283;0,232;0,163;0,55;0,15;0,17;0,206;0,295;0,098;0,07;0,189;0,238;0,451;0,29;0,201;0,632;0,152;0,186;0,263;0,612;0,073;0,074;0,41;0,489;0,343;0,563;0,522;0,726;0,414;0,411;1,38;1,735;0,076;0,07;0,19;0,231;0,718;0,918;0,358;0,56;0,156;0,219;0,108;0,308;0,077;0,088;0,088;0,086;0,086;0,086;0,087;0,087;0,086;0,086;0,086;0,089;0,092;0,088;0,089;0,087;0,085;0,084;0,086;0,085;0,085;0,085;0,087;0,09;0,091
Raw Data (600);10,00;0,089;0,09;0,089;0,086;0,087;0,087;0,086;0,086;0,085;0,088;0,092;0,09;0,195;0,179;0,231;0,417;0,214;0,158;0,746;0,156;0,132;0,201;0,302;0,079;0,084;0,184;0,228;0,279;0,233;0,16;0,572;0,15;0,171;0,211;0,301;0,095;0,069;0,188;0,246;0,469;0,291;0,199;0,642;0,154;0,193;0,271;0,612;0,074;0,074;0,427;0,496;0,344;0,558;0,532;0,71;0,431;0,399;1,356;1,708;0,075;0,07;0,188;0,233;0,75;0,909;0,356;0,574;0,157;0,259;0,109;0,318;0,074;0,087;0,088;0,085;0,086;0,086;0,086;0,086;0,087;0,085;0,085;0,088;0,091;0,088;0,088;0,086;0,084;0,083;0,084;0,084;0,084;0,084;0,086;0,089;0,091
Raw Data (600);10,17;0,09;0,091;0,089;0,087;0,087;0,087;0,086;0,086;0,086;0,088;0,092;0,092;0,196;0,191;0,242;0,415;0,209;0,157;0,76;0,157;0,133;0,202;0,258;0,075;0,076;0,187;0,232;0,276;0,222;0,195;0,588;0,152;0,173;0,213;0,28;0,078;0,07;0,189;0,255;0,462;0,292;0,201;0,65;0,155;0,193;0,278;0,611;0,073;0,074;0,429;0,501;0,351;0,566;0,538;0,74;0,437;0,406;1,348;1,736;0,076;0,07;0,191;0,239;0,75;0,848;0,357;0,602;0,158;0,265;0,111;0,324;0,074;0,089;0,089;0,085;0,086;0,086;0,088;0,087;0,087;0,087;0,087;0,089;0,091;0,088;0,089;0,088;0,085;0,085;0,086;0,085;0,085;0,085;0,086;0,089;0,091
Raw Data (600);10,33;0,089;0,09;0,088;0,087;0,087;0,087;0,085;0,086;0,084;0,088;0,092;0,091;0,194;0,186;0,242;0,416;0,209;0,155;0,744;0,156;0,15;0,203;0,233;0,076;0,11;0,188;0,234;0,27;0,221;0,19;0,576;0,153;0,173;0,213;0,271;0,083;0,069;0,19;0,257;0,406;0,295;0,2;0,627;0,153;0,202;0,286;0,615;0,073;0,074;0,434;0,515;0,355;0,564;0,534;0,744;0,444;0,472;1,325;1,788;0,076;0,07;0,191;0,24;0,765;0,816;0,358;0,608;0,159;0,263;0,112;0,34;0,074;0,086;0,088;0,086;0,086;0,087;0,087;0,086;0,086;0,086;0,085;0,089;0,09;0,088;0,087;0,084;0,084;0,083;0,084;0,085;0,085;0,084;0,086;0,09;0,09
Raw Data (600);10,50;0,09;0,089;0,089;0,087;0,087;0,087;0,086;0,086;0,085;0,087;0,092;0,09;0,196;0,191;0,24;0,439;0,213;0,156;0,758;0,158;0,151;0,206;0,266;0,08;0,08;0,188;0,236;0,277;0,24;0,157;0,546;0,152;0,174;0,213;0,295;0,083;0,07;0,193;0,248;0,466;0,301;0,2;0,54;0,154;0,204;0,292;0,663;0,073;0,074;0,443;0,524;0,36;0,568;0,548;0,759;0,458;0,473;1,322;1,787;0,076;0,07;0,192;0,239;0,796;0,862;0,362;0,63;0,159;0,265;0,112;0,36;0,076;0,088;0,088;0,086;0,086;0,086;0,087;0,087;0,087;0,086;0,085;0,089;0,091;0,088;0,089;0,085;0,085;0,083;0,084;0,085;0,084;0,085;0,087;0,089;0,091
Raw Data (600);10,67;0,089;0,089;0,088;0,086;0,087;0,086;0,086;0,085;0,085;0,087;0,092;0,091;0,198;0,183;0,242;0,465;0,217;0,154;0,792;0,159;0,134;0,204;0,4;0,075;0,122;0,189;0,235;0,286;0,253;0,157;0,577;0,153;0,174;0,215;0,373;0,081;0,07;0,191;0,253;0,533;0,312;0,201;0,638;0,157;0,198;0,295;0,685;0,073;0,073;0,463;0,541;0,365;0,558;0,561;0,784;0,445;0,415;1,414;1,801;0,075;0,071;0,193;0,242;0,845;0,893;0,362;0,668;0,159;0,269;0,113;0,397;0,077;0,088;0,088;0,086;0,087;0,086;0,086;0,086;0,085;0,085;0,086;0,088;0,091;0,087;0,088;0,086;0,084;0,083;0,084;0,085;0,084;0,085;0,087;0,089;0,092
Raw Data (600);10,83;0,089;0,09;0,089;0,087;0,088;0,087;0,086;0,085;0,086;0,088;0,092;0,091;0,2;0,196;0,244;0,471;0,217;0,154;0,802;0,16;0,135;0,208;0,371;0,075;0,087;0,19;0,237;0,287;0,245;0,158;0,606;0,153;0,176;0,219;0,362;0,09;0,07;0,193;0,249;0,539;0,31;0,202;0,65;0,159;0,197;0,302;0,696;0,073;0,074;0,468;0,549;0,368;0,567;0,561;0,794;0,483;0,419;1,427;1,87;0,076;0,071;0,196;0,242;0,855;0,871;0,362;0,695;0,163;0,272;0,114;0,402;0,077;0,087;0,089;0,086;0,087;0,086;0,087;0,087;0,087;0,086;0,086;0,089;0,091;0,089;0,089;0,086;0,086;0,084;0,084;0,085;0,084;0,085;0,086;0,089;0,09
Raw Data (600);11,00;0,089;0,09;0,087;0,086;0,087;0,087;0,085;0,085;0,085;0,088;0,092;0,091;0,202;0,191;0,242;0,475;0,216;0,153;0,806;0,159;0,135;0,21;0,423;0,083;0,075;0,191;0,238;0,289;0,251;0,156;0,605;0,154;0,179;0,222;0,392;0,098;0,07;0,193;0,254;0,55;0,312;0,201;0,671;0,161;0,198;0,307;0,703;0,073;0,074;0,478;0,557;0,369;0,568;0,568;0,802;0,483;0,426;1,431;1,822;0,075;0,071;0,196;0,244;0,876;0,874;0,362;0,714;0,162;0,272;0,115;0,42;0,074;0,088;0,087;0,085;0,086;0,087;0,086;0,085;0,085;0,086;0,085;0,089;0,091;0,087;0,088;0,085;0,084;0,085;0,085;0,084;0,084;0,085;0,085;0,089;0,091
Raw Data (600);11,17;0,089;0,09;0,09;0,088;0,088;0,088;0,087;0,086;0,087;0,089;0,093;0,091;0,2;0,192;0,256;0,481;0,215;0,153;0,791;0,162;0,154;0,214;0,301;0,077;0,128;0,192;0,241;0,279;0,233;0,155;0,601;0,157;0,18;0,225;0,348;0,076;0,072;0,197;0,264;0,49;0,315;0,202;0,597;0,167;0,211;0,311;0,732;0,075;0,075;0,483;0,567;0,372;0,566;0,57;0,834;0,492;0,498;1,341;1,819;0,078;0,072;0,197;0,245;0,844;0,818;0,364;0,705;0,166;0,274;0,115;0,433;0,076;0,088;0,088;0,087;0,086;0,087;0,087;0,087;0,087;0,087;0,087;0,09;0,091;0,088;0,088;0,086;0,085;0,084;0,086;0,086;0,085;0,085;0,086;0,09;0,092
Raw Data (600);11,33;0,089;0,09;0,088;0,086;0,088;0,088;0,085;0,085;0,086;0,088;0,091;0,09;0,201;0,191;0,255;0,472;0,214;0,151;0,795;0,159;0,154;0,213;0,285;0,076;0,085;0,192;0,241;0,278;0,229;0,154;0,59;0,156;0,178;0,224;0,337;0,079;0,069;0,198;0,261;0,465;0,318;0,201;0,475;0,157;0,209;0,314;0,734;0,073;0,074;0,485;0,568;0,375;0,561;0,573;0,84;0,493;0,498;1,306;1,752;0,076;0,071;0,198;0,246;0,847;0,781;0,361;0,743;0,165;0,274;0,117;0,424;0,074;0,087;0,088;0,085;0,086;0,086;0,086;0,087;0,086;0,085;0,085;0,088;0,09;0,087;0,087;0,085;0,084;0,083;0,083;0,085;0,084;0,085;0,085;0,089;0,091
Raw Data (600);11,50;0,089;0,09;0,088;0,086;0,086;0,086;0,086;0,085;0,085;0,088;0,091;0,09;0,206;0,192;0,256;0,497;0,218;0,151;0,795;0,162;0,168;0,206;0,409;0,077;0,09;0,19;0,242;0,284;0,25;0,155;0,601;0,157;0,189;0,225;0,426;0,086;0,069;0,199;0,244;0,536;0,324;0,204;0,503;0,159;0,212;0,323;0,783;0,072;0,074;0,48;0,592;0,38;0,571;0,585;0,848;0,505;0,494;1,387;1,831;0,077;0,071;0,199;0,247;0,9;0,844;0,364;0,702;0,165;0,24;0,116;0,444;0,074;0,087;0,088;0,086;0,086;0,087;0,087;0,087;0,086;0,087;0,086;0,089;0,092;0,087;0,089;0,086;0,085;0,084;0,084;0,085;0,085;0,085;0,086;0,09;0,091
Raw Data (600);11,67;0,09;0,09;0,089;0,087;0,087;0,088;0,086;0,085;0,085;0,088;0,092;0,09;0,205;0,195;0,265;0,499;0,22;0,149;0,812;0,163;0,157;0,213;0,363;0,076;0,105;0,196;0,243;0,287;0,241;0,155;0,614;0,158;0,183;0,23;0,387;0,08;0,07;0,199;0,267;0,539;0,326;0,2;0,463;0,159;0,212;0,332;0,772;0,074;0,075;0,504;0,599;0,379;0,568;0,585;0,865;0,516;0,504;1,375;1,789;0,077;0,072;0,199;0,251;0,901;0,812;0,365;0,714;0,168;0,276;0,119;0,42;0,077;0,089;0,089;0,086;0,087;0,086;0,087;0,087;0,087;0,087;0,087;0,089;0,093;0,088;0,088;0,086;0,085;0,084;0,085;0,086;0,085;0,085;0,086;0,09;0,09
Raw Data (600);11,83;0,091;0,09;0,089;0,088;0,088;0,088;0,086;0,085;0,086;0,088;0,093;0,091;0,206;0,198;0,258;0,501;0,219;0,151;0,824;0,165;0,157;0,217;0,412;0,077;0,09;0,196;0,247;0,29;0,251;0,153;0,625;0,16;0,186;0,231;0,441;0,087;0,07;0,201;0,27;0,571;0,333;0,203;0,489;0,164;0,212;0,339;0,77;0,074;0,074;0,516;0,609;0,384;0,574;0,593;0,887;0,532;0,511;1,385;1,853;0,078;0,072;0,202;0,252;0,933;0,821;0,366;0,667;0,168;0,279;0,121;0,437;0,075;0,087;0,088;0,086;0,087;0,088;0,087;0,086;0,087;0,087;0,086;0,09;0,091;0,088;0,088;0,086;0,084;0,085;0,085;0,086;0,084;0,085;0,086;0,09;0,09
Raw Data (600);12,00;0,089;0,09;0,088;0,087;0,087;0,086;0,085;0,086;0,085;0,088;0,092;0,091;0,206;0,2;0,261;0,491;0,218;0,15;0,831;0,164;0,157;0,219;0,377;0,075;0,08;0,196;0,246;0,284;0,238;0,152;0,622;0,159;0,186;0,234;0,426;0,073;0,07;0,201;0,265;0,559;0,332;0,203;0,467;0,161;0,214;0,349;0,76;0,073;0,075;0,523;0,618;0,386;0,567;0,59;0,905;0,534;0,517;1,401;1,834;0,076;0,071;0,202;0,255;0,931;0,769;0,364;0,632;0,168;0,282;0,121;0,417;0,073;0,087;0,089;0,085;0,087;0,087;0,086;0,087;0,086;0,086;0,086;0,09;0,091;0,087;0,088;0,087;0,085;0,084;0,084;0,084;0,084;0,084;0,085;0,089;0,09
Raw Data (600);12,17;0,09;0,09;0,089;0,087;0,088;0,086;0,087;0,085;0,085;0,089;0,092;0,09;0,205;0,189;0,262;0,473;0,218;0,149;0,839;0,164;0,16;0,219;0,313;0,077;0,106;0,196;0,248;0,286;0,237;0,151;0,627;0,159;0,188;0,235;0,396;0,09;0,07;0,203;0,258;0,508;0,336;0,203;0,478;0,162;0,216;0,356;0,781;0,074;0,075;0,537;0,622;0,389;0,56;0,598;0,93;0,542;0,517;1,383;1,769;0,076;0,071;0,203;0,257;0,917;0,784;0,363;0,601;0,168;0,284;0,123;0,42;0,086;0,088;0,088;0,084;0,087;0,086;0,087;0,086;0,087;0,086;0,087;0,089;0,091;0,088;0,088;0,086;0,086;0,084;0,085;0,085;0,085;0,084;0,087;0,09;0,091
Raw Data (600);12,33;0,09;0,09;0,089;0,088;0,088;0,088;0,087;0,086;0,086;0,088;0,092;0,091;0,208;0,197;0,265;0,486;0,219;0,15;0,846;0,166;0,16;0,218;0,334;0,077;0,127;0,198;0,249;0,288;0,241;0,154;0,621;0,162;0,191;0,237;0,408;0,077;0,07;0,204;0,272;0,525;0,341;0,204;0,474;0,163;0,221;0,366;0,758;0,075;0,075;0,544;0,637;0,391;0,563;0,6;0,963;0,541;0,521;1,395;1,819;0,077;0,072;0,205;0,256;0,939;0,765;0,366;0,589;0,171;0,289;0,124;0,429;0,074;0,088;0,089;0,086;0,088;0,087;0,087;0,088;0,087;0,087;0,086;0,089;0,092;0,087;0,087;0,087;0,085;0,085;0,085;0,084;0,086;0,085;0,086;0,09;0,091
Raw Data (600);12,50;0,09;0,089;0,089;0,087;0,087;0,088;0,086;0,086;0,086;0,089;0,092;0,09;0,213;0,196;0,265;0,506;0,224;0,148;0,88;0,167;0,141;0,219;0,385;0,082;0,092;0,197;0,247;0,302;0,257;0,154;0,654;0,162;0,191;0,24;0,419;0,083;0,071;0,203;0,267;0,571;0,348;0,203;0,486;0,166;0,215;0,389;0,776;0,073;0,075;0,565;0,654;0,397;0,568;0,608;1,003;0,555;0,468;1,465;1,908;0,077;0,071;0,205;0,26;0,983;0,803;0,367;0,626;0,169;0,295;0,126;0,481;0,075;0,087;0,088;0,086;0,087;0,086;0,086;0,087;0,086;0,085;0,086;0,089;0,091;0,089;0,088;0,086;0,085;0,085;0,084;0,085;0,086;0,084;0,086;0,089;0,091
Raw Data (600);12,67;0,09;0,09;0,089;0,088;0,088;0,088;0,086;0,085;0,085;0,089;0,092;0,091;0,212;0,197;0,272;0,468;0,225;0,149;0,842;0,168;0,178;0,215;0,341;0,082;0,092;0,196;0,251;0,297;0,26;0,156;0,652;0,164;0,201;0,245;0,46;0,093;0,069;0,207;0,256;0,515;0,35;0,205;0,483;0,166;0,22;0,387;0,772;0,073;0,076;0,55;0,666;0,401;0,569;0,612;1,019;0,558;0,535;1,379;1,799;0,076;0,071;0,207;0,261;0,943;0,794;0,364;0,607;0,17;0,247;0,127;0,464;0,081;0,088;0,088;0,087;0,086;0,086;0,087;0,087;0,086;0,086;0,086;0,089;0,091;0,088;0,087;0,086;0,085;0,084;0,085;0,085;0,085;0,085;0,086;0,089;0,09
Raw Data (600);12,83;0,09;0,09;0,088;0,088;0,088;0,088;0,086;0,086;0,086;0,088;0,092;0,091;0,212;0,204;0,272;0,47;0,222;0,146;0,872;0,168;0,162;0,22;0,29;0,076;0,12;0,199;0,253;0,291;0,243;0,151;0,641;0,165;0,195;0,241;0,403;0,075;0,07;0,207;0,277;0,515;0,353;0,206;0,484;0,165;0,22;0,396;0,732;0,074;0,075;0,573;0,674;0,403;0,563;0,616;1,047;0,566;0,554;1,37;1,835;0,077;0,072;0,206;0,266;0,953;0,738;0,361;0,612;0,172;0,294;0,129;0,462;0,074;0,088;0,089;0,086;0,086;0,087;0,087;0,087;0,087;0,086;0,087;0,088;0,092;0,089;0,088;0,086;0,085;0,084;0,085;0,086;0,084;0,085;0,087;0,09;0,091
Raw Data (600);13,00;0,09;0,09;0,089;0,087;0,088;0,088;0,086;0,085;0,086;0,088;0,092;0,091;0,214;0,196;0,274;0,469;0,223;0,147;0,875;0,169;0,163;0,223;0,291;0,076;0,082;0,202;0,253;0,292;0,245;0,15;0,636;0,164;0,197;0,242;0,416;0,091;0,069;0,207;0,283;0,506;0,357;0,207;0,487;0,167;0,22;0,415;0,737;0,073;0,074;0,588;0,688;0,405;0,563;0,62;1,052;0,571;0,564;1,409;1,883;0,077;0,07;0,208;0,261;0,965;0,755;0,361;0,614;0,174;0,295;0,13;0,463;0,075;0,087;0,087;0,085;0,086;0,086;0,087;0,086;0,086;0,086;0,086;0,088;0,092;0,088;0,087;0,086;0,083;0,084;0,085;0,085;0,085;0,083;0,086;0,089;0,09
Raw Data (600);13,17;0,09;0,089;0,088;0,087;0,087;0,089;0,086;0,085;0,085;0,089;0,093;0,091;0,214;0,202;0,273;0,488;0,226;0,147;0,869;0,171;0,166;0,223;0,338;0,084;0,091;0,202;0,258;0,298;0,252;0,155;0,613;0,165;0,199;0,242;0,449;0,093;0,069;0,209;0,27;0,56;0,363;0,209;0,528;0,167;0,221;0,41;0,741;0,073;0,076;0,593;0,701;0,41;0,568;0,625;1,052;0,583;0,565;1,445;1,863;0,077;0,071;0,209;0,272;0,982;0,776;0,355;0,622;0,178;0,297;0,134;0,477;0,08;0,087;0,089;0,086;0,085;0,087;0,087;0,085;0,086;0,085;0,086;0,089;0,091;0,088;0,087;0,086;0,085;0,084;0,085;0,086;0,085;0,084;0,087;0,089;0,09
Raw Data (600);13,33;0,089;0,089;0,088;0,087;0,087;0,087;0,086;0,086;0,085;0,087;0,092;0,09;0,216;0,204;0,267;0,508;0,228;0,146;0,892;0,173;0,145;0,222;0,455;0,076;0,077;0,201;0,255;0,309;0,273;0,159;0,67;0,164;0,2;0,245;0,508;0,098;0,07;0,207;0,272;0,606;0,369;0,206;0,499;0,17;0,213;0,431;0,742;0,072;0,073;0,619;0,715;0,415;0,57;0,632;1,049;0,586;0,507;1,49;1,842;0,077;0,071;0,209;0,272;1,038;0,806;0,35;0,643;0,173;0,302;0,135;0,539;0,085;0,088;0,089;0,086;0,087;0,085;0,086;0,087;0,086;0,085;0,085;0,089;0,091;0,088;0,088;0,086;0,084;0,084;0,085;0,084;0,085;0,084;0,086;0,09;0,091
Raw Data (600);13,50;0,089;0,09;0,089;0,087;0,087;0,087;0,086;0,085;0,085;0,088;0,091;0,09;0,217;0,207;0,279;0,491;0,225;0,145;0,873;0,172;0,168;0,224;0,388;0,076;0,071;0,202;0,261;0,303;0,254;0,15;0,649;0,166;0,203;0,248;0,49;0,083;0,069;0,212;0,282;0,577;0,371;0,215;0,518;0,17;0,224;0,437;0,742;0,073;0,074;0,623;0,726;0,418;0,565;0,635;1,046;0,617;0,586;1,434;1,883;0,077;0,07;0,211;0,277;1,008;0,759;0,352;0,621;0,177;0,301;0,138;0,496;0,075;0,087;0,088;0,086;0,086;0,086;0,086;0,087;0,086;0,086;0,086;0,088;0,091;0,088;0,087;0,086;0,085;0,083;0,085;0,084;0,084;0,084;0,086;0,089;0,09
Raw Data (600);13,67;0,09;0,09;0,089;0,088;0,088;0,087;0,086;0,085;0,086;0,088;0,092;0,089;0,219;0,201;0,269;0,489;0,233;0,146;0,855;0,174;0,193;0,221;0,465;0,077;0,073;0,202;0,263;0,31;0,276;0,153;0,715;0,168;0,213;0,248;0,58;0,075;0,07;0,214;0,274;0,58;0,376;0,211;0,513;0,171;0,231;0,455;0,753;0,074;0,076;0,625;0,738;0,423;0,571;0,634;1,027;0,619;0,609;1,427;1,819;0,076;0,071;0,212;0,271;1,001;0,797;0,347;0,625;0,176;0,258;0,14;0,584;0,088;0,088;0,088;0,085;0,086;0,086;0,086;0,086;0,086;0,086;0,086;0,089;0,09;0,088;0,089;0,088;0,085;0,084;0,085;0,085;0,086;0,085;0,087;0,089;0,091
Raw Data (600);13,83;0,09;0,092;0,091;0,089;0,089;0,089;0,088;0,088;0,087;0,09;0,093;0,092;0,219;0,196;0,284;0,513;0,234;0,147;0,884;0,177;0,172;0,226;0,498;0,081;0,105;0,207;0,266;0,314;0,284;0,155;0,67;0,17;0,21;0,251;0,565;0,076;0,073;0,216;0,292;0,603;0,385;0,219;0,507;0,188;0,229;0,464;0,747;0,076;0,076;0,647;0,753;0,427;0,576;0,643;1,031;0,638;0,61;1,446;1,872;0,078;0,072;0,216;0,28;1,036;0,79;0,355;0,63;0,179;0,307;0,143;0,612;0,086;0,089;0,089;0,087;0,088;0,088;0,089;0,088;0,087;0,087;0,087;0,091;0,094;0,09;0,089;0,088;0,087;0,086;0,086;0,086;0,086;0,086;0,087;0,092;0,092
Raw Data (600);14,00;0,09;0,089;0,088;0,087;0,088;0,087;0,086;0,086;0,086;0,089;0,093;0,092;0,22;0,207;0,283;0,521;0,231;0,145;0,887;0,175;0,172;0,227;0,414;0,076;0,098;0,206;0,267;0,307;0,257;0,151;0,657;0,17;0,211;0,252;0,529;0,097;0,073;0,215;0,284;0,625;0,384;0,226;0,514;0,172;0,229;0,478;0,739;0,074;0,075;0,658;0,762;0,433;0,567;0,642;1,037;0,64;0,614;1,463;1,924;0,078;0,073;0,217;0,281;1,032;0,759;0,367;0,64;0,18;0,308;0,147;0,532;0,08;0,088;0,088;0,086;0,088;0,086;0,087;0,087;0,088;0,086;0,086;0,09;0,092;0,089;0,088;0,086;0,085;0,084;0,085;0,085;0,086;0,086;0,087;0,09;0,091
Raw Data (600);14,17;0,089;0,09;0,089;0,088;0,087;0,087;0,086;0,085;0,086;0,088;0,094;0,092;0,218;0,201;0,284;0,513;0,231;0,145;0,871;0,176;0,174;0,228;0,517;0,081;0,1;0,207;0,268;0,317;0,29;0,155;0,709;0,17;0,214;0,252;0,591;0,098;0,07;0,218;0,285;0,657;0,392;0,21;0,518;0,182;0,229;0,486;0,745;0,075;0,075;0,671;0,776;0,435;0,57;0,649;1,033;0,656;0,625;1,468;1,835;0,078;0,071;0,218;0,281;1,057;0,782;0,359;0,629;0,181;0,308;0,151;0,641;0,078;0,089;0,089;0,087;0,087;0,087;0,088;0,087;0,087;0,088;0,087;0,09;0,091;0,089;0,087;0,086;0,085;0,084;0,085;0,086;0,085;0,084;0,086;0,09;0,091
Raw Data (600);14,33;0,089;0,089;0,088;0,087;0,086;0,087;0,085;0,085;0,085;0,087;0,092;0,091;0,224;0,209;0,282;0,533;0,231;0,143;0,898;0,178;0,154;0,226;0,544;0,081;0,107;0,206;0,269;0,321;0,29;0,152;0,674;0,168;0,211;0,255;0,588;0,088;0,069;0,215;0,292;0,702;0,395;0,209;0,535;0,174;0,221;0,498;0,739;0,074;0,074;0,688;0,781;0,443;0,569;0,656;1,038;0,686;0,553;1,556;1,81;0,076;0,07;0,216;0,285;1,082;0,788;0,363;0,654;0,181;0,32;0,153;0,625;0,09;0,087;0,088;0,085;0,086;0,086;0,086;0,086;0,085;0,085;0,084;0,088;0,09;0,087;0,086;0,086;0,084;0,085;0,083;0,084;0,084;0,084;0,086;0,089;0,09
Raw Data (600);14,50;0,09;0,09;0,088;0,087;0,086;0,089;0,086;0,085;0,085;0,087;0,092;0,09;0,226;0,219;0,281;0,543;0,235;0,146;0,905;0,179;0,155;0,225;0,544;0,082;0,087;0,209;0,271;0,325;0,289;0,15;0,716;0,171;0,212;0,26;0,599;0,074;0,069;0,218;0,292;0,721;0,401;0,211;0,562;0,178;0,222;0,506;0,737;0,072;0,074;0,701;0,798;0,446;0,573;0,66;1,056;0,686;0,564;1,594;1,905;0,077;0,071;0,219;0,286;1,101;0,789;0,362;0,663;0,182;0,322;0,158;0,629;0,085;0,087;0,089;0,085;0,086;0,086;0,086;0,087;0,086;0,086;0,085;0,088;0,091;0,088;0,088;0,086;0,085;0,084;0,085;0,085;0,084;0,084;0,086;0,088;0,09
Raw Data (600);14,67;0,089;0,091;0,089;0,089;0,088;0,089;0,086;0,086;0,086;0,089;0,093;0,09;0,225;0,208;0,289;0,53;0,233;0,143;0,889;0,18;0,178;0,227;0,505;0,081;0,126;0,211;0,275;0,317;0,28;0,15;0,638;0,173;0,218;0,26;0,621;0,096;0,071;0,221;0,293;0,691;0,405;0,216;0,505;0,177;0,243;0,518;0,755;0,075;0,076;0,709;0,808;0,453;0,569;0,662;1,054;0,689;0,643;1,475;1,824;0,077;0,073;0,221;0,287;1,082;0,769;0,367;0,645;0,189;0,312;0,163;0,577;0,085;0,089;0,089;0,086;0,087;0,087;0,088;0,088;0,087;0,087;0,086;0,089;0,092;0,089;0,089;0,087;0,084;0,084;0,086;0,086;0,085;0,085;0,086;0,091;0,092
Raw Data (600);14,83;0,09;0,09;0,089;0,088;0,087;0,088;0,086;0,085;0,086;0,089;0,092;0,092;0,224;0,218;0,286;0,537;0,234;0,143;0,887;0,178;0,179;0,227;0,524;0,077;0,108;0,211;0,276;0,324;0,286;0,15;0,648;0,174;0,22;0,26;0,635;0,073;0,07;0,222;0,296;0,698;0,411;0,212;0,49;0,177;0,237;0,542;0,765;0,074;0,074;0,721;0,821;0,458;0,569;0,667;1,06;0,707;0,647;1,518;1,877;0,077;0,071;0,222;0,289;1,083;0,762;0,365;0,652;0,187;0,316;0,168;0,594;0,09;0,087;0,088;0,086;0,087;0,087;0,088;0,086;0,088;0,085;0,085;0,089;0,09;0,087;0,087;0,086;0,084;0,084;0,085;0,084;0,084;0,084;0,087;0,089;0,09
Raw Data (600);15,00;0,091;0,091;0,089;0,089;0,088;0,088;0,087;0,087;0,086;0,089;0,093;0,091;0,226;0,22;0,292;0,536;0,236;0,144;0,883;0,181;0,182;0,228;0,545;0,078;0,101;0,213;0,28;0,324;0,293;0,151;0,652;0,178;0,223;0,265;0,647;0,075;0,071;0,225;0,308;0,704;0,416;0,213;0,542;0,179;0,237;0,539;0,766;0,075;0,076;0,735;0,836;0,462;0,571;0,672;1,059;0,722;0,656;1,546;1,875;0,079;0,072;0,224;0,293;1,106;0,771;0,37;0,653;0,189;0,319;0,173;0,645;0,088;0,088;0,089;0,087;0,086;0,088;0,087;0,086;0,087;0,087;0,087;0,09;0,092;0,09;0,089;0,088;0,085;0,085;0,085;0,086;0,087;0,086;0,087;0,092;0,092
Raw Data (600);15,17;0,09;0,09;0,089;0,087;0,087;0,086;0,086;0,085;0,085;0,087;0,092;0,09;0,228;0,218;0,289;0,548;0,233;0,143;0,877;0,181;0,18;0,225;0,447;0,076;0,097;0,213;0,28;0,314;0,266;0,149;0,653;0,176;0,225;0,265;0,636;0,084;0,071;0,224;0,299;0,702;0,416;0,214;0,476;0,18;0,238;0,532;0,766;0,074;0,074;0,742;0,841;0,464;0,563;0,663;1,048;0,714;0,664;1,442;1,848;0,076;0,071;0,224;0,292;1,08;0,72;0,372;0,648;0,187;0,319;0,178;0,542;0,085;0,087;0,088;0,085;0,086;0,086;0,086;0,087;0,086;0,087;0,085;0,089;0,091;0,087;0,087;0,085;0,084;0,084;0,083;0,084;0,084;0,085;0,085;0,09;0,089
Raw Data (600);15,33;0,09;0,09;0,089;0,088;0,087;0,088;0,087;0,086;0,086;0,088;0,092;0,091;0,232;0,226;0,295;0,552;0,235;0,143;0,885;0,183;0,182;0,227;0,485;0,077;0,077;0,214;0,283;0,317;0,28;0,15;0,624;0,178;0,227;0,272;0,656;0,095;0,072;0,226;0,306;0,703;0,423;0,213;0,515;0,179;0,241;0,551;0,76;0,075;0,075;0,761;0,859;0,47;0,569;0,676;1,056;0,739;0,675;1,527;1,896;0,077;0,071;0,226;0,294;1,109;0,749;0,374;0,656;0,193;0,324;0,186;0,561;0,086;0,089;0,088;0,086;0,087;0,087;0,087;0,087;0,087;0,086;0,085;0,09;0,091;0,089;0,088;0,087;0,085;0,085;0,085;0,085;0,085;0,085;0,087;0,089;0,091
Raw Data (600);15,50;0,089;0,091;0,089;0,088;0,087;0,087;0,086;0,085;0,085;0,088;0,092;0,09;0,234;0,231;0,284;0,554;0,243;0,144;0,865;0,184;0,184;0,225;0,546;0,078;0,079;0,216;0,282;0,326;0,302;0,151;0,67;0,177;0,228;0,277;0,673;0,101;0,071;0,227;0,307;0,682;0,433;0,211;0,517;0,181;0,241;0,575;0,769;0,073;0,075;0,765;0,874;0,476;0,575;0,676;1,062;0,76;0,684;1,52;1,853;0,078;0,071;0,227;0,298;1,119;0,771;0,365;0,651;0,189;0,326;0,196;0,662;0,075;0,088;0,089;0,087;0,087;0,086;0,087;0,087;0,085;0,087;0,086;0,088;0,091;0,089;0,089;0,086;0,084;0,085;0,085;0,086;0,086;0,085;0,087;0,09;0,09
Raw Data (600);15,67;0,09;0,091;0,088;0,088;0,087;0,087;0,086;0,085;0,086;0,089;0,092;0,09;0,234;0,232;0,295;0,545;0,237;0,143;0,883;0,185;0,186;0,223;0,435;0,077;0,075;0,217;0,284;0,32;0,276;0,15;0,69;0,18;0,229;0,278;0,668;0,087;0,071;0,23;0,304;0,688;0,43;0,216;0,493;0,182;0,244;0,567;0,776;0,075;0,075;0,777;0,881;0,478;0,568;0,678;1,055;0,764;0,698;1,552;1,813;0,077;0,071;0,229;0,3;1,114;0,738;0,368;0,655;0,191;0,331;0,202;0,548;0,083;0,088;0,088;0,087;0,088;0,086;0,087;0,087;0,086;0,087;0,087;0,09;0,092;0,088;0,088;0,087;0,085;0,084;0,085;0,086;0,086;0,085;0,087;0,09;0,092
Raw Data (600);15,83;0,089;0,089;0,088;0,087;0,086;0,087;0,085;0,085;0,086;0,087;0,092;0,09;0,24;0,235;0,288;0,54;0,242;0,141;0,893;0,188;0,163;0,223;0,534;0,076;0,071;0,217;0,283;0,33;0,292;0,149;0,671;0,177;0,224;0,289;0,672;0,073;0,071;0,227;0,299;0,678;0,438;0,212;0,513;0,183;0,234;0,586;0,763;0,073;0,074;0,796;0,896;0,48;0,572;0,68;1,042;0,786;0,617;1,577;1,814;0,074;0,07;0,23;0,306;1,143;0,75;0,372;0,67;0,189;0,34;0,212;0,601;0,074;0,087;0,088;0,085;0,085;0,086;0,086;0,085;0,085;0,085;0,085;0,088;0,09;0,086;0,087;0,085;0,083;0,083;0,084;0,084;0,084;0,083;0,085;0,089;0,09
Raw Data (600);16,00;0,09;0,09;0,088;0,087;0,087;0,087;0,085;0,086;0,086;0,088;0,091;0,091;0,24;0,22;0,295;0,55;0,238;0,142;0,879;0,187;0,188;0,223;0,486;0,077;0,108;0,22;0,288;0,321;0,277;0,15;0,663;0,18;0,233;0,281;0,677;0,086;0,071;0,233;0,3;0,671;0,439;0,217;0,514;0,183;0,249;0,587;0,772;0,075;0,074;0,803;0,898;0,486;0,568;0,688;1,067;0,805;0,696;1,52;1,847;0,076;0,07;0,232;0,313;1,132;0,741;0,383;0,667;0,195;0,335;0,225;0,58;0,086;0,088;0,088;0,086;0,086;0,086;0,087;0,086;0,086;0,086;0,087;0,088;0,092;0,088;0,087;0,086;0,086;0,085;0,085;0,085;0,086;0,085;0,086;0,09;0,089
Raw Data (600);16,17;0,089;0,09;0,089;0,087;0,088;0,087;0,086;0,086;0,086;0,088;0,093;0,091;0,241;0,228;0,293;0,557;0,247;0,143;0,858;0,188;0,189;0,227;0,537;0,08;0,117;0,219;0,291;0,33;0,292;0,15;0,706;0,181;0,235;0,291;0,684;0,102;0,071;0,233;0,303;0,656;0,446;0,214;0,485;0,184;0,249;0,587;0,776;0,075;0,075;0,813;0,925;0,493;0,573;0,686;1,072;0,811;0,702;1,556;1,831;0,077;0,071;0,233;0,308;1,14;0,752;0,384;0,664;0,198;0,335;0,239;0,662;0,077;0,088;0,089;0,087;0,087;0,087;0,087;0,088;0,087;0,086;0,086;0,09;0,091;0,089;0,089;0,086;0,085;0,084;0,085;0,085;0,085;0,084;0,086;0,09;0,091
Raw Data (600);16,33;0,091;0,091;0,089;0,088;0,088;0,088;0,086;0,086;0,085;0,088;0,092;0,09;0,245;0,228;0,294;0,55;0,24;0,143;0,876;0,19;0,191;0,227;0,573;0,077;0,124;0,222;0,291;0,331;0,313;0,15;0,739;0,184;0,238;0,293;0,69;0,1;0,072;0,236;0,313;0,659;0,45;0,217;0,469;0,186;0,255;0,564;0,789;0,074;0,076;0,827;0,934;0,498;0,582;0,692;1,057;0,834;0,706;1,591;1,841;0,077;0,072;0,234;0,314;1,143;0,763;0,387;0,672;0,199;0,34;0,256;0,714;0,084;0,088;0,088;0,086;0,086;0,086;0,087;0,087;0,087;0,086;0,086;0,089;0,092;0,088;0,089;0,086;0,085;0,083;0,086;0,085;0,085;0,084;0,086;0,09;0,091
Raw Data (600);16,50;0,089;0,09;0,088;0,087;0,086;0,086;0,086;0,086;0,085;0,087;0,091;0,09;0,248;0,239;0,296;0,551;0,244;0,141;0,871;0,193;0,166;0,226;0,569;0,077;0,111;0,223;0,292;0,341;0,31;0,153;0,67;0,178;0,235;0,291;0,682;0,103;0,071;0,234;0,309;0,648;0,458;0,214;0,518;0,19;0,239;0,593;0,775;0,075;0,074;0,85;0,947;0,497;0,578;0,692;1,07;0,847;0,64;1,635;1,859;0,077;0,07;0,237;0,315;1,171;0,769;0,39;0,686;0,2;0,349;0,273;0,664;0,077;0,087;0,089;0,086;0,086;0,086;0,086;0,086;0,086;0,086;0,086;0,088;0,092;0,088;0,088;0,087;0,084;0,084;0,085;0,084;0,084;0,084;0,086;0,089;0,09
Raw Data (600);16,67;0,088;0,089;0,088;0,086;0,086;0,086;0,085;0,085;0,085;0,088;0,092;0,089;0,245;0,235;0,298;0,579;0,245;0,142;0,86;0,191;0,193;0,226;0,55;0,078;0,077;0,222;0,294;0,33;0,305;0,149;0,624;0,183;0,24;0,3;0,692;0,076;0,07;0,237;0,32;0,662;0,466;0,216;0,497;0,188;0,259;0,608;0,784;0,075;0,073;0,852;0,973;0,506;0,577;0,701;1,078;0,876;0,732;1,606;1,901;0,077;0,071;0,237;0,312;1,161;0,747;0,393;0,675;0,196;0,346;0,296;0,69;0,085;0,086;0,087;0,085;0,086;0,086;0,087;0,086;0,086;0,085;0,085;0,088;0,09;0,087;0,086;0,085;0,084;0,083;0,084;0,084;0,083;0,084;0,086;0,088;0,089
Raw Data (600);16,83;0,09;0,089;0,088;0,087;0,086;0,087;0,086;0,084;0,086;0,087;0,091;0,088;0,249;0,24;0,295;0,57;0,248;0,141;0,862;0,193;0,169;0,231;0,594;0,077;0,102;0,222;0,294;0,344;0,314;0,15;0,611;0,184;0,238;0,304;0,686;0,076;0,07;0,236;0,323;0,639;0,477;0,211;0,508;0,191;0,241;0,589;0,778;0,074;0,075;0,868;1,011;0,51;0,576;0,708;1,064;0,871;0,647;1,674;1,808;0,075;0,07;0,237;0,315;1,19;0,757;0,389;0,682;0,198;0,355;0,333;0,736;0,081;0,087;0,088;0,087;0,086;0,086;0,087;0,086;0,086;0,085;0,085;0,089;0,09;0,088;0,087;0,085;0,083;0,084;0,084;0,084;0,083;0,083;0,085;0,089;0,091
Raw Data (600);17,00;0,089;0,09;0,089;0,087;0,086;0,086;0,085;0,085;0,084;0,086;0,09;0,09;0,246;0,232;0,299;0,595;0,246;0,141;0,861;0,195;0,194;0,227;0,521;0,079;0,113;0,225;0,297;0,332;0,3;0,149;0,571;0,188;0,244;0,294;0,711;0,074;0,072;0,241;0,32;0,667;0,471;0,215;0,538;0,189;0,258;0,586;0,799;0,078;0,074;0,88;0,995;0,514;0,579;0,708;1,077;0,89;0,721;1,551;1,883;0,076;0,07;0,242;0,319;1,156;0,737;0,399;0,667;0,199;0,35;0,342;0,64;0,088;0,088;0,088;0,086;0,086;0,086;0,086;0,086;0,086;0,085;0,086;0,088;0,091;0,087;0,088;0,086;0,083;0,084;0,084;0,084;0,084;0,084;0,086;0,09;0,089
Raw Data (600);17,17;0,089;0,091;0,091;0,088;0,088;0,088;0,087;0,086;0,087;0,089;0,093;0,092;0,253;0,241;0,302;0,586;0,246;0,145;0,868;0,198;0,209;0,225;0,513;0,079;0,093;0,226;0,301;0,329;0,293;0,152;0,559;0,188;0,252;0,298;0,734;0,075;0,071;0,246;0,305;0,665;0,47;0,216;0,485;0,193;0,266;0,589;0,821;0,084;0,076;0,885;1,004;0,521;0,58;0,706;1,075;0,895;0,69;1,685;1,877;0,077;0,071;0,245;0,318;1,147;0,732;0,402;0,675;0,202;0,313;0,378;0,598;0,081;0,089;0,09;0,086;0,087;0,088;0,088;0,087;0,087;0,086;0,086;0,089;0,092;0,088;0,089;0,086;0,086;0,085;0,085;0,086;0,085;0,086;0,087;0,09;0,091
Raw Data (600);17,33;0,09;0,091;0,09;0,087;0,087;0,088;0,085;0,085;0,085;0,088;0,091;0,09;0,252;0,244;0,301;0,6;0,252;0,142;0,839;0,198;0,197;0,228;0,584;0,078;0,091;0,227;0,301;0,337;0,33;0,151;0,532;0,19;0,247;0,306;0,72;0,077;0,073;0,246;0,325;0,652;0,491;0,211;0,499;0,193;0,26;0,611;0,811;0,076;0,075;0,903;1,015;0,525;0,588;0,712;1,08;0,899;0,735;1,68;1,794;0,077;0,072;0,244;0,326;1,172;0,747;0,397;0,67;0,2;0,356;0,376;0,77;0,076;0,087;0,088;0,087;0,085;0,085;0,087;0,086;0,086;0,087;0,086;0,088;0,091;0,088;0,089;0,086;0,085;0,085;0,084;0,085;0,085;0,085;0,085;0,09;0,09
Raw Data (600);17,50;0,091;0,09;0,088;0,087;0,087;0,087;0,086;0,085;0,085;0,088;0,091;0,09;0,251;0,228;0,304;0,609;0,247;0,141;0,855;0,198;0,199;0,229;0,517;0,078;0,082;0,228;0,301;0,33;0,292;0,149;0,506;0,188;0,248;0,3;0,72;0,074;0,072;0,245;0,328;0,669;0,48;0,212;0,461;0,194;0,264;0,595;0,812;0,095;0,075;0,916;1,012;0,523;0,575;0,702;1,074;0,932;0,739;1,628;1,836;0,077;0,071;0,243;0,327;1,166;0,717;0,402;0,675;0,205;0,358;0,408;0,613;0,076;0,088;0,087;0,085;0,085;0,087;0,086;0,086;0,085;0,086;0,085;0,089;0,091;0,088;0,086;0,085;0,085;0,083;0,084;0,084;0,085;0,084;0,085;0,089;0,09
Raw Data (600);17,67;0,089;0,09;0,089;0,087;0,088;0,087;0,087;0,085;0,086;0,089;0,092;0,09;0,255;0,24;0,303;0,618;0,251;0,141;0,84;0,198;0,201;0,228;0,568;0,079;0,079;0,233;0,304;0,34;0,317;0,15;0,507;0,196;0,252;0,313;0,724;0,074;0,076;0,248;0,334;0,656;0,488;0,209;0,522;0,194;0,274;0,596;0,82;0,096;0,076;0,938;1,047;0,533;0,589;0,716;1,074;0,949;0,746;1,743;1,868;0,077;0,072;0,247;0,328;1,183;0,736;0,408;0,674;0,204;0,364;0,41;0,736;0,085;0,088;0,088;0,087;0,087;0,087;0,087;0,087;0,087;0,087;0,086;0,088;0,091;0,088;0,087;0,087;0,085;0,084;0,085;0,085;0,085;0,084;0,087;0,09;0,091
Raw Data (600);17,83;0,09;0,091;0,088;0,087;0,088;0,088;0,086;0,086;0,087;0,088;0,093;0,091;0,257;0,237;0,307;0,623;0,249;0,142;0,844;0,201;0,201;0,228;0,546;0,08;0,079;0,231;0,306;0,337;0,309;0,151;0,517;0,192;0,255;0,305;0,724;0,075;0,078;0,251;0,332;0,661;0,486;0,214;0,476;0,195;0,272;0,604;0,827;0,107;0,075;0,941;1,046;0,536;0,583;0,714;1,068;0,961;0,744;1,703;1,836;0,078;0,071;0,248;0,331;1,17;0,733;0,407;0,679;0,207;0,367;0,43;0,644;0,086;0,088;0,087;0,086;0,087;0,087;0,087;0,086;0,086;0,087;0,087;0,089;0,091;0,088;0,088;0,086;0,086;0,085;0,085;0,085;0,086;0,085;0,086;0,09;0,09
Raw Data (600);18,00;0,09;0,091;0,089;0,087;0,087;0,088;0,086;0,086;0,086;0,088;0,092;0,09;0,259;0,24;0,304;0,604;0,252;0,142;0,852;0,201;0,221;0,226;0,504;0,079;0,073;0,232;0,307;0,332;0,295;0,151;0,509;0,191;0,262;0,318;0,749;0,074;0,074;0,251;0,311;0,66;0,494;0,21;0,492;0,197;0,27;0,608;0,838;0,109;0,075;0,947;1,05;0,538;0,586;0,722;1,072;0,975;0,732;1,724;1,828;0,076;0,07;0,252;0,327;1,156;0,715;0,408;0,681;0,205;0,321;0,447;0,595;0,079;0,087;0,088;0,085;0,087;0,087;0,088;0,087;0,086;0,086;0,085;0,089;0,091;0,089;0,089;0,087;0,085;0,084;0,085;0,085;0,085;0,084;0,086;0,089;0,089
Raw Data (600);18,17;0,09;0,09;0,089;0,087;0,088;0,087;0,085;0,086;0,085;0,088;0,091;0,091;0,256;0,244;0,306;0,617;0,253;0,141;0,838;0,202;0,203;0,228;0,487;0,08;0,072;0,236;0,309;0,335;0,3;0,151;0,487;0,194;0,256;0,311;0,737;0,075;0,076;0,253;0,329;0,66;0,508;0,211;0,46;0,198;0,284;0,604;0,836;0,104;0,076;0,97;1,065;0,545;0,583;0,718;1,078;0,979;0,759;1,729;1,846;0,077;0,072;0,252;0,336;1,173;0,713;0,415;0,682;0,212;0,371;0,468;0,592;0,086;0,088;0,09;0,087;0,087;0,087;0,087;0,087;0,086;0,087;0,086;0,089;0,091;0,088;0,089;0,086;0,085;0,085;0,085;0,085;0,086;0,085;0,086;0,09;0,09
Raw Data (600);18,33;0,09;0,092;0,09;0,088;0,088;0,087;0,087;0,085;0,087;0,089;0,092;0,089;0,261;0,242;0,309;0,612;0,251;0,143;0,841;0,202;0,203;0,227;0,455;0,08;0,073;0,235;0,31;0,337;0,299;0,151;0,492;0,193;0,256;0,311;0,731;0,075;0,076;0,255;0,342;0,655;0,504;0,215;0,488;0,199;0,273;0,614;0,842;0,101;0,074;0,974;1,064;0,549;0,58;0,723;1,071;1,002;0,75;1,766;1,862;0,076;0,072;0,253;0,338;1,159;0,69;0,416;0,677;0,21;0,378;0,481;0,587;0,078;0,088;0,088;0,086;0,086;0,088;0,087;0,087;0,087;0,087;0,086;0,089;0,092;0,088;0,088;0,086;0,084;0,084;0,085;0,085;0,085;0,084;0,086;0,091;0,091
Raw Data (600);18,50;0,09;0,091;0,088;0,087;0,088;0,088;0,085;0,085;0,085;0,088;0,091;0,091;0,261;0,247;0,31;0,609;0,26;0,141;0,831;0,203;0,204;0,232;0,482;0,081;0,073;0,239;0,313;0,351;0,308;0,151;0,506;0,198;0,257;0,326;0,734;0,076;0,076;0,256;0,356;0,638;0,514;0,212;0,426;0,201;0,276;0,625;0,844;0,079;0,075;0,993;1,089;0,556;0,595;0,724;1,088;1,038;0,76;1,809;1,895;0,077;0,071;0,255;0,339;1,183;0,722;0,416;0,677;0,211;0,38;0,504;0,627;0,082;0,088;0,088;0,085;0,087;0,087;0,087;0,088;0,086;0,086;0,085;0,089;0,091;0,088;0,088;0,086;0,084;0,083;0,084;0,085;0,084;0,085;0,086;0,091;0,09
Raw Data (600);18,67;0,089;0,089;0,088;0,086;0,087;0,087;0,085;0,084;0,085;0,087;0,091;0,091;0,262;0,249;0,312;0,603;0,258;0,14;0,829;0,203;0,205;0,23;0,469;0,081;0,073;0,237;0,313;0,345;0,319;0,151;0,514;0,197;0,26;0,324;0,734;0,074;0,076;0,257;0,343;0,639;0,525;0,209;0,463;0,201;0,277;0,596;0,836;0,081;0,073;0,996;1,104;0,56;0,59;0,728;1,083;1,028;0,762;1,795;1,855;0,076;0,071;0,256;0,341;1,189;0,712;0,421;0,69;0,21;0,383;0,525;0,659;0,083;0,088;0,089;0,085;0,086;0,086;0,085;0,086;0,087;0,085;0,086;0,087;0,089;0,088;0,088;0,085;0,083;0,083;0,085;0,085;0,085;0,084;0,086;0,089;0,09
Raw Data (600);18,83;0,089;0,09;0,088;0,086;0,086;0,087;0,085;0,085;0,085;0,087;0,091;0,09;0,259;0,243;0,311;0,608;0,254;0,139;0,83;0,205;0,205;0,229;0,472;0,08;0,072;0,24;0,313;0,344;0,308;0,15;0,497;0,198;0,261;0,318;0,729;0,073;0,083;0,259;0,342;0,645;0,512;0,21;0,476;0,203;0,278;0,618;0,833;0,075;0,074;1,002;1,101;0,562;0,587;0,724;1,071;1,036;0,765;1,774;1,792;0,077;0,07;0,257;0,344;1,177;0,704;0,423;0,68;0,215;0,386;0,534;0,586;0,086;0,086;0,086;0,085;0,085;0,085;0,085;0,087;0,086;0,085;0,085;0,088;0,09;0,087;0,087;0,085;0,084;0,084;0,086;0,084;0,084;0,084;0,085;0,089;0,089
Raw Data (600);19,00;0,089;0,09;0,088;0,086;0,086;0,087;0,086;0,085;0,086;0,087;0,091;0,089;0,262;0,248;0,308;0,605;0,254;0,14;0,828;0,207;0,205;0,229;0,431;0,081;0,073;0,24;0,315;0,342;0,304;0,149;0,5;0,201;0,261;0,325;0,732;0,075;0,079;0,261;0,352;0,641;0,521;0,209;0,502;0,212;0,282;0,627;0,843;0,075;0,074;1,01;1,102;0,568;0,587;0,73;1,077;1,068;0,757;1,79;1,821;0,076;0,07;0,259;0,348;1,167;0,687;0,425;0,68;0,215;0,39;0,538;0,575;0,079;0,087;0,087;0,086;0,086;0,087;0,086;0,086;0,086;0,086;0,085;0,088;0,091;0,087;0,088;0,086;0,085;0,084;0,084;0,085;0,083;0,084;0,085;0,089;0,089
Raw Data (600);19,17;0,09;0,09;0,089;0,086;0,086;0,087;0,086;0,085;0,086;0,088;0,091;0,09;0,269;0,252;0,315;0,594;0,259;0,14;0,831;0,209;0,18;0,231;0,461;0,081;0,073;0,244;0,315;0,357;0,31;0,152;0,485;0,2;0,263;0,33;0,725;0,076;0,111;0,262;0,353;0,637;0,534;0,208;0,476;0,209;0,275;0,642;0,847;0,075;0,075;1,03;1,129;0,573;0,597;0,731;1,084;1,076;0,696;1,879;1,836;0,076;0,072;0,26;0,35;1,183;0,696;0,43;0,706;0,218;0,404;0,548;0,582;0,083;0,088;0,088;0,086;0,086;0,085;0,087;0,087;0,086;0,086;0,086;0,089;0,091;0,088;0,089;0,086;0,085;0,083;0,084;0,085;0,085;0,085;0,085;0,09;0,09
Raw Data (600);19,33;0,09;0,091;0,089;0,088;0,088;0,088;0,087;0,086;0,086;0,089;0,093;0,091;0,265;0,248;0,319;0,609;0,264;0,142;0,826;0,212;0,21;0,231;0,513;0,083;0,074;0,247;0,317;0,35;0,317;0,152;0,485;0,204;0,267;0,339;0,721;0,077;0,113;0,265;0,352;0,643;0,536;0,212;0,495;0,209;0,291;0,637;0,836;0,076;0,076;1,04;1,165;0,584;0,598;0,74;1,089;1,098;0,759;1,881;1,881;0,078;0,073;0,264;0,354;1,189;0,712;0,434;0,693;0,218;0,398;0,562;0,706;0,085;0,087;0,089;0,087;0,086;0,086;0,088;0,088;0,087;0,086;0,086;0,09;0,092;0,089;0,089;0,087;0,085;0,085;0,086;0,087;0,084;0,085;0,087;0,09;0,091
Raw Data (600);19,50;0,089;0,09;0,088;0,087;0,087;0,086;0,086;0,085;0,085;0,087;0,091;0,089;0,267;0,248;0,312;0,61;0,26;0,14;0,822;0,21;0,209;0,234;0,521;0,081;0,074;0,245;0,318;0,345;0,315;0,152;0,507;0,203;0,267;0,337;0,715;0,075;0,114;0,266;0,361;0,661;0,537;0,211;0,425;0,208;0,292;0,658;0,838;0,075;0,075;1,038;1,147;0,581;0,597;0,733;1,08;1,09;0,76;1,841;1,774;0,076;0,071;0,262;0,354;1,194;0,698;0,432;0,695;0,217;0,401;0,572;0,601;0,085;0,086;0,088;0,086;0,086;0,085;0,087;0,086;0,086;0,085;0,084;0,087;0,09;0,087;0,087;0,086;0,084;0,084;0,085;0,085;0,084;0,084;0,086;0,089;0,09
Raw Data (600);19,67;0,089;0,089;0,088;0,086;0,087;0,087;0,085;0,086;0,085;0,087;0,091;0,089;0,269;0,253;0,31;0,598;0,259;0,139;0,824;0,213;0,212;0,232;0,5;0,081;0,074;0,247;0,319;0,344;0,312;0,151;0,487;0,201;0,268;0,328;0,72;0,079;0,094;0,269;0,357;0,664;0,546;0,21;0,463;0,209;0,295;0,635;0,852;0,076;0,074;1,053;1,148;0,587;0,592;0,728;1,087;1,134;0,767;1,874;1,857;0,076;0,071;0,265;0,355;1,196;0,691;0,433;0,689;0,221;0,403;0,564;0,572;0,092;0,087;0,088;0,084;0,086;0,086;0,087;0,087;0,087;0,085;0,085;0,087;0,09;0,088;0,087;0,085;0,084;0,084;0,084;0,085;0,084;0,084;0,085;0,088;0,09
Raw Data (600);19,83;0,09;0,089;0,087;0,086;0,086;0,086;0,084;0,084;0,084;0,087;0,09;0,09;0,27;0,255;0,314;0,6;0,26;0,14;0,824;0,214;0,21;0,231;0,454;0,082;0,073;0,248;0,318;0,337;0,311;0,151;0,5;0,204;0,271;0,33;0,712;0,074;0,094;0,269;0,365;0,666;0,543;0,207;0,458;0,209;0,296;0,638;0,853;0,076;0,075;1,062;1,165;0,592;0,594;0,74;1,088;1,155;0,765;1,87;1,809;0,076;0,069;0,266;0,356;1,205;0,67;0,436;0,691;0,219;0,41;0,564;0,562;0,081;0,086;0,087;0,085;0,086;0,085;0,085;0,086;0,086;0,085;0,086;0,088;0,09;0,087;0,087;0,086;0,083;0,083;0,084;0,082;0,083;0,082;0,085;0,088;0,089
Raw Data (600);20,00;0,089;0,09;0,088;0,087;0,087;0,087;0,085;0,085;0,086;0,087;0,092;0,089;0,273;0,253;0,316;0,612;0,263;0,14;0,828;0,216;0,211;0,236;0,468;0,085;0,074;0,248;0,323;0,335;0,317;0,153;0,506;0,206;0,271;0,349;0,714;0,075;0,095;0,274;0,367;0,674;0,553;0,208;0,454;0,211;0,301;0,627;0,85;0,077;0,075;1,075;1,178;0,602;0,601;0,743;1,101;1,157;0,774;1,86;1,829;0,077;0,07;0,269;0,363;1,214;0,696;0,437;0,696;0,225;0,416;0,595;0,564;0,085;0,087;0,087;0,085;0,086;0,086;0,086;0,087;0,086;0,086;0,086;0,088;0,09;0,088;0,088;0,086;0,084;0,083;0,084;0,085;0,084;0,084;0,085;0,09;0,09
Raw Data (600);20,17;0,09;0,09;0,089;0,087;0,088;0,088;0,086;0,086;0,085;0,088;0,092;0,09;0,271;0,258;0,318;0,601;0,264;0,142;0,834;0,218;0,214;0,233;0,459;0,086;0,075;0,254;0,326;0,329;0,316;0,153;0,514;0,209;0,274;0,331;0,708;0,076;0,095;0,275;0,37;0,669;0,564;0,209;0,458;0,215;0,304;0,615;0,862;0,077;0,075;1,086;1,184;0,604;0,599;0,742;1,084;1,171;0,768;1,843;1,815;0,076;0,071;0,271;0,365;1,194;0,662;0,44;0,699;0,226;0,419;0,595;0,559;0,085;0,088;0,089;0,087;0,086;0,087;0,087;0,087;0,088;0,086;0,087;0,089;0,092;0,088;0,089;0,086;0,085;0,084;0,085;0,085;0,085;0,084;0,086;0,09;0,091
Raw Data (600);20,33;0,089;0,09;0,089;0,087;0,087;0,086;0,086;0,086;0,086;0,088;0,091;0,09;0,274;0,252;0,319;0,556;0,263;0,141;0,812;0,218;0,235;0,231;0,458;0,097;0,074;0,252;0,327;0,329;0,32;0,153;0,5;0,209;0,276;0,339;0,721;0,075;0,083;0,278;0,363;0,663;0,561;0,208;0,483;0,216;0,308;0,598;0,864;0,077;0,075;1,089;1,197;0,616;0,606;0,742;1,106;1,206;0,728;1,856;1,832;0,078;0,07;0,275;0,362;1,183;0,674;0,439;0,702;0,222;0,364;0,613;0,558;0,08;0,088;0,087;0,086;0,086;0,086;0,086;0,086;0,087;0,086;0,086;0,088;0,09;0,088;0,088;0,086;0,084;0,084;0,085;0,085;0,085;0,084;0,086;0,088;0,09
Raw Data (600);20,50;0,09;0,09;0,089;0,087;0,088;0,087;0,086;0,086;0,085;0,088;0,092;0,09;0,275;0,254;0,318;0,583;0,265;0,141;0,83;0,221;0,216;0,24;0,429;0,103;0,076;0,255;0,329;0,319;0,325;0,154;0,503;0,21;0,278;0,361;0,706;0,078;0,097;0,279;0,37;0,668;0,577;0,207;0,464;0,216;0,32;0,585;0,851;0,079;0,075;1,109;1,255;0,62;0,608;0,746;1,098;1,2;0,765;1,844;1,829;0,077;0,072;0,276;0,371;1,201;0,686;0,447;0,707;0,23;0,426;0,618;0,559;0,094;0,088;0,088;0,086;0,087;0,086;0,086;0,087;0,087;0,085;0,085;0,09;0,091;0,087;0,088;0,086;0,085;0,083;0,084;0,086;0,085;0,085;0,085;0,09;0,091
Raw Data (600);20,67;0,089;0,089;0,088;0,086;0,087;0,086;0,085;0,085;0,085;0,087;0,091;0,089;0,282;0,257;0,328;0,549;0,272;0,141;0,818;0,223;0,205;0,242;0,556;0,087;0,073;0,253;0,329;0,332;0,339;0,153;0,495;0,208;0,273;0,363;0,71;0,077;0,088;0,279;0,364;0,643;0,576;0,206;0,482;0,218;0,299;0,579;0,847;0,076;0,074;1,109;1,27;0,625;0,622;0,746;1,1;1,195;0,697;1,885;1,827;0,076;0,07;0,278;0,373;1,234;0,704;0,439;0,731;0,228;0,367;0,641;0,572;0,083;0,087;0,088;0,085;0,086;0,085;0,086;0,085;0,086;0,086;0,085;0,088;0,09;0,087;0,089;0,086;0,083;0,084;0,083;0,084;0,085;0,084;0,086;0,089;0,09
Raw Data (600);20,83;0,09;0,09;0,089;0,087;0,088;0,087;0,087;0,085;0,086;0,087;0,093;0,091;0,278;0,259;0,32;0,592;0,27;0,141;0,819;0,223;0,215;0,235;0,463;0,083;0,076;0,258;0,328;0,326;0,335;0,155;0,509;0,215;0,278;0,351;0,685;0,078;0,097;0,286;0,391;0,683;0,572;0,207;0,467;0,221;0,319;0,554;0,841;0,079;0,075;1,134;1,249;0,63;0,611;0,748;1,107;1,231;0,774;1,849;1,846;0,078;0,071;0,279;0,376;1,219;0,678;0,448;0,705;0,232;0,436;0,592;0,576;0,081;0,089;0,088;0,085;0,086;0,086;0,087;0,087;0,086;0,086;0,086;0,089;0,092;0,088;0,089;0,086;0,083;0,084;0,085;0,085;0,085;0,084;0,087;0,089;0,091
Raw Data (600);21,00;0,089;0,089;0,089;0,086;0,086;0,087;0,085;0,084;0,083;0,088;0,091;0,09;0,279;0,259;0,324;0,582;0,275;0,139;0,82;0,225;0,187;0,241;0,555;0,104;0,074;0,26;0,328;0,334;0,35;0,152;0,478;0,213;0,277;0,364;0,668;0,08;0,109;0,281;0,391;0,658;0,576;0,207;0,482;0,222;0,309;0,559;0,838;0,078;0,073;1,142;1,312;0,636;0,621;0,752;1,107;1,233;0,698;1,912;1,835;0,076;0,071;0,279;0,381;1,241;0,699;0,45;0,732;0,23;0,446;0,596;0,588;0,088;0,086;0,088;0,084;0,086;0,086;0,085;0,085;0,086;0,086;0,085;0,088;0,09;0,087;0,088;0,085;0,084;0,084;0,084;0,083;0,084;0,083;0,086;0,089;0,089
Raw Data (600);21,17;0,089;0,089;0,088;0,087;0,087;0,086;0,086;0,085;0,086;0,088;0,092;0,09;0,279;0,259;0,323;0,588;0,269;0,138;0,825;0,226;0,217;0,236;0,466;0,083;0,077;0,261;0,331;0,32;0,342;0,153;0,457;0,216;0,28;0,354;0,682;0,08;0,101;0,289;0,395;0,69;0,578;0,205;0,461;0,223;0,321;0,536;0,859;0,079;0,075;1,151;1,288;0,643;0,612;0,759;1,106;1,264;0,781;1,686;1,815;0,076;0,069;0,281;0,381;1,201;0,67;0,453;0,721;0,232;0,445;0,594;0,591;0,079;0,086;0,086;0,084;0,086;0,085;0,086;0,085;0,085;0,085;0,086;0,088;0,09;0,088;0,087;0,087;0,085;0,084;0,083;0,085;0,085;0,084;0,086;0,088;0,09
Raw Data (600);21,33;0,091;0,09;0,09;0,088;0,088;0,087;0,087;0,087;0,086;0,089;0,093;0,09;0,281;0,263;0,324;0,603;0,27;0,139;0,813;0,23;0,219;0,239;0,502;0,088;0,079;0,263;0,335;0,325;0,338;0,155;0,497;0,22;0,282;0,363;0,681;0,081;0,105;0,292;0,396;0,678;0,577;0,207;0,455;0,225;0,327;0,546;0,845;0,08;0,076;1,167;1,318;0,651;0,618;0,756;1,109;1,277;0,778;1,587;1,866;0,077;0,072;0,287;0,383;1,219;0,687;0,459;0,719;0,233;0,447;0,601;0,57;0,085;0,088;0,088;0,086;0,088;0,087;0,087;0,086;0,086;0,087;0,087;0,09;0,092;0,089;0,088;0,086;0,085;0,086;0,086;0,085;0,085;0,085;0,086;0,089;0,091
Raw Data (600);21,50;0,09;0,09;0,089;0,088;0,087;0,088;0,086;0,086;0,086;0,088;0,092;0,09;0,281;0,263;0,325;0,588;0,271;0,14;0,814;0,23;0,219;0,235;0,505;0,085;0,078;0,264;0,336;0,316;0,336;0,154;0,48;0,219;0,282;0,356;0,67;0,081;0,105;0,294;0,386;0,698;0,584;0,21;0,444;0,226;0,333;0,53;0,84;0,081;0,075;1,177;1,321;0,659;0,619;0,762;1,108;1,299;0,781;1,52;1,838;0,078;0,071;0,288;0,39;1,222;0,687;0,459;0,71;0,237;0,454;0,596;0,553;0,087;0,087;0,088;0,087;0,087;0,086;0,087;0,087;0,087;0,087;0,086;0,089;0,091;0,088;0,087;0,086;0,086;0,084;0,085;0,086;0,085;0,086;0,086;0,09;0,091
Raw Data (600);21,67;0,09;0,091;0,089;0,087;0,087;0,089;0,087;0,086;0,086;0,087;0,092;0,089;0,282;0,269;0,328;0,588;0,275;0,139;0,809;0,232;0,219;0,24;0,604;0,093;0,078;0,264;0,334;0,322;0,368;0,154;0,481;0,222;0,284;0,358;0,659;0,092;0,105;0,295;0,407;0,687;0,58;0,209;0,502;0,227;0,335;0,525;0,853;0,081;0,075;1,176;1,365;0,666;0,628;0,77;1,115;1,302;0,781;1,428;1,856;0,077;0,072;0,29;0,391;1,236;0,707;0,462;0,723;0,237;0,459;0,609;0,747;0,083;0,088;0,088;0,086;0,087;0,087;0,087;0,087;0,085;0,086;0,087;0,09;0,09;0,088;0,089;0,087;0,084;0,083;0,086;0,085;0,085;0,085;0,086;0,09;0,09
Raw Data (600);21,83;0,089;0,09;0,088;0,087;0,087;0,087;0,086;0,086;0,086;0,088;0,092;0,091;0,282;0,264;0,324;0,589;0,272;0,14;0,814;0,234;0,219;0,236;0,591;0,097;0,079;0,266;0,338;0,32;0,366;0,154;0,483;0,222;0,284;0,366;0,653;0,088;0,108;0,299;0,394;0,699;0,581;0,211;0,458;0,228;0,337;0,521;0,853;0,082;0,076;1,197;1,359;0,67;0,623;0,767;1,121;1,304;0,775;1,375;1,793;0,077;0,071;0,291;0,393;1,238;0,688;0,465;0,718;0,24;0,463;0,593;0,614;0,086;0,088;0,088;0,086;0,087;0,087;0,086;0,087;0,085;0,086;0,086;0,088;0,091;0,088;0,089;0,086;0,084;0,085;0,084;0,085;0,083;0,084;0,086;0,09;0,09
Raw Data (600);22,00;0,089;0,09;0,088;0,087;0,086;0,088;0,085;0,086;0,085;0,088;0,091;0,09;0,289;0,27;0,328;0,566;0,276;0,138;0,803;0,234;0,19;0,238;0,618;0,094;0,077;0,267;0,336;0,334;0,366;0,154;0,501;0,222;0,282;0,361;0,636;0,096;0,119;0,296;0,411;0,653;0,568;0,209;0,48;0,234;0,327;0,511;0,847;0,083;0,075;1,194;1,362;0,678;0,631;0,762;1,117;1,323;0,704;1,395;1,766;0,077;0,071;0,29;0,394;1,244;0,699;0,462;0,731;0,235;0,475;0,595;0,702;0,091;0,087;0,089;0,086;0,085;0,086;0,085;0,086;0,086;0,086;0,085;0,089;0,091;0,087;0,088;0,085;0,085;0,084;0,084;0,085;0,085;0,084;0,085;0,088;0,09
Raw Data (600);22,17;0,091;0,091;0,089;0,088;0,089;0,088;0,087;0,086;0,086;0,089;0,093;0,091;0,284;0,265;0,328;0,591;0,274;0,139;0,809;0,235;0,222;0,241;0,518;0,099;0,08;0,268;0,339;0,318;0,343;0,155;0,498;0,228;0,288;0,369;0,659;0,094;0,117;0,304;0,417;0,717;0,562;0,21;0,495;0,234;0,347;0,511;0,847;0,086;0,076;1,228;1,372;0,687;0,626;0,761;1,12;1,354;0,783;1,286;1,828;0,078;0,071;0,295;0,401;1,213;0,662;0,465;0,728;0,243;0,473;0,596;0,546;0,08;0,089;0,089;0,086;0,087;0,087;0,088;0,088;0,087;0,087;0,086;0,09;0,092;0,088;0,088;0,087;0,085;0,084;0,084;0,086;0,086;0,085;0,087;0,091;0,092
Raw Data (600);22,33;0,09;0,09;0,09;0,088;0,087;0,087;0,086;0,086;0,086;0,088;0,092;0,09;0,29;0,27;0,329;0,578;0,282;0,137;0,802;0,238;0,193;0,241;0,66;0,088;0,08;0,269;0,339;0,332;0,38;0,154;0,484;0,23;0,281;0,396;0,632;0,103;0,137;0,302;0,43;0,661;0,575;0,211;0,47;0,238;0,34;0,518;0,847;0,084;0,076;1,23;1,416;0,69;0,647;0,769;1,121;1,349;0,709;1,289;1,776;0,077;0,071;0,294;0,403;1,264;0,708;0,462;0,736;0,24;0,483;0,612;0,819;0,081;0,088;0,089;0,086;0,085;0,086;0,086;0,087;0,086;0,086;0,086;0,089;0,091;0,088;0,087;0,087;0,084;0,085;0,084;0,085;0,085;0,084;0,086;0,09;0,091
Raw Data (600);22,50;0,089;0,09;0,088;0,086;0,086;0,087;0,086;0,086;0,086;0,088;0,092;0,09;0,286;0,271;0,327;0,585;0,274;0,139;0,803;0,236;0,221;0,24;0,527;0,09;0,081;0,272;0,342;0,314;0,345;0,155;0,481;0,229;0,288;0,364;0,659;0,097;0,121;0,31;0,419;0,716;0,55;0,211;0,462;0,237;0,354;0,499;0,85;0,088;0,075;1,236;1,386;0,7;0,631;0,767;1,122;1,38;0,779;1,26;1,837;0,077;0,072;0,298;0,405;1,226;0,658;0,469;0,726;0,246;0,483;0,599;0,548;0,075;0,088;0,088;0,086;0,087;0,087;0,087;0,086;0,086;0,086;0,086;0,088;0,091;0,088;0,088;0,086;0,084;0,083;0,084;0,085;0,085;0,084;0,086;0,09;0,091
Raw Data (600);22,67;0,088;0,09;0,088;0,087;0,087;0,087;0,086;0,085;0,085;0,087;0,091;0,09;0,288;0,266;0,329;0,583;0,273;0,139;0,803;0,239;0,221;0,238;0,519;0,091;0,08;0,271;0,341;0,325;0,339;0,155;0,454;0,23;0,29;0,367;0,648;0,098;0,124;0,31;0,431;0,723;0,545;0,21;0,488;0,238;0,356;0,503;0,835;0,088;0,075;1,245;1,377;0,71;0,627;0,768;1,125;1,354;0,787;1,257;1,799;0,076;0,07;0,299;0,406;1,224;0,648;0,466;0,727;0,243;0,488;0,6;0,531;0,074;0,088;0,088;0,086;0,086;0,087;0,086;0,085;0,086;0,086;0,085;0,088;0,089;0,087;0,087;0,085;0,084;0,083;0,083;0,085;0,085;0,085;0,085;0,089;0,09
Raw Data (600);22,83;0,091;0,091;0,089;0,089;0,088;0,088;0,086;0,086;0,086;0,089;0,093;0,09;0,29;0,27;0,331;0,577;0,276;0,14;0,803;0,24;0,221;0,246;0,481;0,093;0,084;0,274;0,344;0,32;0,344;0,157;0,485;0,234;0,292;0,375;0,647;0,103;0,127;0,314;0,422;0,716;0,542;0,212;0,488;0,241;0,365;0,5;0,846;0,091;0,075;1,259;1,38;0,715;0,63;0,772;1,132;1,351;0,79;1,264;1,846;0,079;0,071;0,302;0,411;1,204;0,637;0,47;0,727;0,247;0,495;0,601;0,537;0,075;0,088;0,088;0,087;0,088;0,088;0,087;0,087;0,088;0,087;0,086;0,09;0,092;0,089;0,089;0,086;0,085;0,084;0,086;0,086;0,085;0,086;0,088;0,091;0,091
Raw Data (600);23,00;0,089;0,091;0,089;0,087;0,088;0,088;0,086;0,086;0,085;0,088;0,093;0,09;0,288;0,27;0,327;0,572;0,275;0,138;0,795;0,241;0,227;0,245;0,493;0,091;0,084;0,275;0,346;0,319;0,34;0,154;0,494;0,234;0,291;0,368;0,642;0,104;0,128;0,315;0,426;0,713;0,535;0,213;0,468;0,241;0,366;0,496;0,842;0,091;0,076;1,262;1,423;0,72;0,638;0,771;1,125;1,403;0,795;1,273;1,798;0,078;0,071;0,303;0,41;1,216;0,644;0,47;0,728;0,249;0,503;0,601;0,546;0,075;0,087;0,088;0,086;0,086;0,087;0,087;0,086;0,086;0,086;0,086;0,089;0,092;0,088;0,088;0,086;0,085;0,086;0,086;0,085;0,084;0,085;0,087;0,09;0,092
Raw Data (600);23,17;0,09;0,091;0,089;0,087;0,087;0,087;0,086;0,086;0,086;0,088;0,091;0,09;0,29;0,274;0,327;0,572;0,276;0,138;0,805;0,242;0,224;0,246;0,513;0,099;0,085;0,279;0,347;0,318;0,342;0,155;0,446;0,253;0,293;0,372;0,633;0,107;0,129;0,319;0,429;0,712;0,529;0,213;0,498;0,245;0,369;0,494;0,833;0,09;0,074;1,264;1,422;0,726;0,637;0,766;1,122;1,399;0,776;1,287;1,8;0,077;0,072;0,305;0,416;1,203;0,638;0,475;0,737;0,252;0,503;0,6;0,533;0,077;0,087;0,087;0,086;0,086;0,086;0,087;0,086;0,085;0,087;0,086;0,089;0,091;0,088;0,088;0,086;0,084;0,084;0,085;0,085;0,085;0,084;0,086;0,089;0,09
Raw Data (600);23,33;0,09;0,091;0,088;0,088;0,088;0,088;0,086;0,087;0,086;0,089;0,094;0,09;0,29;0,279;0,333;0,568;0,282;0,138;0,806;0,243;0,226;0,245;0,589;0,102;0,087;0,301;0,349;0,318;0,354;0,155;0,486;0,237;0,295;0,382;0,641;0,11;0,134;0,324;0,435;0,708;0,527;0,214;0,448;0,246;0,377;0,498;0,851;0,092;0,076;1,301;1,499;0,742;0,65;0,782;1,14;1,443;0,789;1,295;1,863;0,077;0,071;0,307;0,416;1,248;0,678;0,474;0,735;0,251;0,511;0,604;0,666;0,087;0,088;0,088;0,086;0,086;0,087;0,088;0,087;0,087;0,087;0,086;0,089;0,091;0,089;0,089;0,088;0,085;0,086;0,086;0,086;0,085;0,085;0,086;0,09;0,091
Raw Data (600);23,50;0,09;0,091;0,09;0,088;0,088;0,088;0,087;0,087;0,087;0,089;0,093;0,091;0,294;0,273;0,334;0,571;0,285;0,14;0,802;0,245;0,23;0,249;0,564;0,098;0,088;0,279;0,351;0,32;0,361;0,157;0,442;0,241;0,299;0,382;0,633;0,113;0,132;0,328;0,441;0,706;0,522;0,215;0,503;0,249;0,382;0,504;0,847;0,095;0,076;1,313;1,506;0,753;0,657;0,775;1,15;1,473;0,797;1,316;1,895;0,079;0,073;0,312;0,422;1,264;0,68;0,479;0,747;0,257;0,513;0,609;0,579;0,076;0,09;0,089;0,087;0,087;0,088;0,088;0,087;0,087;0,086;0,087;0,09;0,094;0,089;0,089;0,088;0,086;0,084;0,085;0,085;0,085;0,086;0,087;0,09;0,092
Raw Data (600);23,67;0,089;0,09;0,089;0,086;0,087;0,087;0,086;0,085;0,085;0,088;0,092;0,09;0,292;0,275;0,334;0,562;0,283;0,139;0,803;0,245;0,226;0,25;0,571;0,113;0,087;0,278;0,35;0,316;0,371;0,155;0,485;0,241;0,296;0,379;0,628;0,112;0,134;0,328;0,436;0,696;0,511;0,213;0,475;0,248;0,383;0,496;0,839;0,098;0,075;1,289;1,475;0,756;0,652;0,774;1,144;1,459;0,79;1,294;1,816;0,076;0,071;0,312;0,42;1,23;0,672;0,471;0,739;0,256;0,521;0,601;0,57;0,087;0,088;0,087;0,086;0,086;0,087;0,086;0,087;0,087;0,086;0,086;0,089;0,091;0,089;0,088;0,087;0,084;0,083;0,084;0,084;0,085;0,084;0,086;0,091;0,09
Raw Data (600);23,83;0,089;0,09;0,088;0,087;0,088;0,087;0,087;0,085;0,085;0,088;0,092;0,09;0,289;0,273;0,336;0,562;0,282;0,138;0,798;0,245;0,227;0,25;0,461;0,106;0,088;0,288;0,353;0,315;0,35;0,156;0,447;0,243;0,299;0,369;0,64;0,111;0,137;0,333;0,45;0,716;0,504;0,214;0,469;0,253;0,391;0,492;0,847;0,1;0,074;1,315;1,482;0,766;0,648;0,779;1,139;1,471;0,798;1,308;1,858;0,076;0,072;0,317;0,428;1,213;0,633;0,475;0,738;0,26;0,526;0,603;0,53;0,076;0,089;0,088;0,086;0,086;0,087;0,087;0,087;0,086;0,086;0,086;0,089;0,092;0,088;0,089;0,086;0,086;0,084;0,085;0,086;0,085;0,085;0,088;0,089;0,091
Raw Data (600);24,00;0,09;0,09;0,09;0,088;0,087;0,087;0,087;0,086;0,086;0,088;0,092;0,091;0,293;0,277;0,334;0,564;0,282;0,139;0,802;0,246;0,227;0,249;0,546;0,114;0,09;0,283;0,356;0,31;0,364;0,158;0,45;0,247;0,298;0,383;0,618;0,115;0,139;0,334;0,448;0,713;0,499;0,215;0,456;0,254;0,395;0,493;0,85;0,102;0,075;1,329;1,507;0,771;0,653;0,776;1,15;1,466;0,8;1,32;1,824;0,077;0,073;0,317;0,429;1,229;0,648;0,477;0,74;0,262;0,533;0,602;0,577;0,077;0,087;0,088;0,087;0,087;0,087;0,087;0,087;0,087;0,087;0,086;0,09;0,092;0,089;0,088;0,087;0,086;0,084;0,085;0,087;0,085;0,085;0,086;0,089;0,091
Raw Data (600);24,17;0,089;0,09;0,089;0,087;0,088;0,088;0,086;0,085;0,085;0,087;0,092;0,091;0,291;0,28;0,336;0,562;0,287;0,136;0,797;0,246;0,229;0,249;0,622;0,125;0,091;0,297;0,355;0,314;0,39;0,155;0,468;0,247;0,298;0,388;0,611;0,118;0,141;0,34;0,447;0,696;0,499;0,216;0,491;0,255;0,401;0,497;0,861;0,104;0,075;1,319;1,514;0,78;0,679;0,789;1,142;1,473;0,793;1,313;1,814;0,077;0,072;0,319;0,432;1,233;0,688;0,475;0,742;0,261;0,538;0,605;0,749;0,086;0,088;0,088;0,086;0,086;0,087;0,087;0,086;0,087;0,086;0,086;0,09;0,091;0,088;0,089;0,087;0,085;0,084;0,085;0,086;0,085;0,084;0,087;0,091;0,091
Raw Data (600);24,33;0,089;0,09;0,088;0,086;0,087;0,087;0,086;0,085;0,085;0,088;0,092;0,089;0,295;0,278;0,33;0,545;0,283;0,138;0,801;0,249;0,229;0,245;0,491;0,113;0,091;0,284;0,359;0,313;0,361;0,156;0,436;0,25;0,3;0,378;0,612;0,12;0,141;0,343;0,463;0,718;0,484;0,217;0,472;0,257;0,405;0,488;0,855;0,106;0,075;1,361;1,543;0,792;0,662;0,781;1,166;1,536;0,796;1,34;1,875;0,076;0,071;0,323;0,435;1,24;0,64;0,474;0,746;0,266;0,549;0,597;0,532;0,074;0,087;0,088;0,086;0,086;0,086;0,087;0,086;0,086;0,086;0,085;0,09;0,09;0,088;0,087;0,086;0,085;0,084;0,085;0,086;0,084;0,084;0,086;0,089;0,091
Raw Data (600);24,50;0,089;0,09;0,088;0,088;0,087;0,088;0,086;0,086;0,087;0,088;0,092;0,092;0,297;0,28;0,338;0,554;0,288;0,138;0,784;0,247;0,23;0,253;0,523;0,11;0,095;0,301;0,359;0,316;0,371;0,157;0,478;0,254;0,305;0,385;0,602;0,126;0,141;0,345;0,451;0,691;0,481;0,217;0,451;0,26;0,409;0,497;0,843;0,108;0,076;1,339;1,531;0,801;0,664;0,779;1,163;1,508;0,796;1,329;1,819;0,077;0,072;0,324;0,441;1,232;0,669;0,474;0,74;0,268;0,552;0,603;0,549;0,091;0,089;0,088;0,087;0,088;0,088;0,088;0,088;0,088;0,088;0,086;0,09;0,092;0,089;0,088;0,087;0,085;0,085;0,087;0,086;0,085;0,086;0,088;0,091;0,091
Raw Data (600);24,67;0,091;0,091;0,089;0,087;0,088;0,088;0,087;0,087;0,086;0,088;0,092;0,092;0,297;0,281;0,338;0,551;0,287;0,136;0,794;0,25;0,23;0,253;0,491;0,123;0,096;0,291;0,36;0,314;0,357;0,156;0,484;0,256;0,304;0,379;0,604;0,129;0,141;0,35;0,466;0,705;0,472;0,217;0,457;0,269;0,418;0,493;0,853;0,111;0,075;1,355;1,528;0,807;0,66;0,783;1,154;1,496;0,795;1,318;1,783;0,077;0,072;0,324;0,438;1,21;0,654;0,475;0,75;0,265;0,555;0,598;0,552;0,08;0,087;0,089;0,085;0,085;0,086;0,087;0,086;0,087;0,086;0,087;0,09;0,092;0,089;0,089;0,087;0,086;0,084;0,085;0,086;0,085;0,084;0,088;0,091;0,09
Raw Data (600);24,83;0,089;0,089;0,087;0,086;0,087;0,086;0,086;0,086;0,086;0,088;0,091;0,091;0,296;0,281;0,339;0,549;0,287;0,138;0,798;0,251;0,23;0,252;0,52;0,128;0,098;0,315;0,361;0,311;0,376;0,157;0,461;0,256;0,304;0,377;0,592;0,131;0,144;0,353;0,468;0,704;0,467;0,218;0,491;0,266;0,423;0,492;0,855;0,116;0,075;1,359;1,554;0,815;0,669;0,793;1,163;1,525;0,792;1,329;1,801;0,077;0,072;0,327;0,443;1,231;0,662;0,474;0,753;0,27;0,561;0,597;0,555;0,076;0,087;0,087;0,086;0,087;0,086;0,086;0,086;0,086;0,086;0,085;0,089;0,09;0,088;0,088;0,086;0,085;0,083;0,084;0,085;0,084;0,084;0,085;0,089;0,09
Raw Data (600);25,00;0,09;0,091;0,09;0,088;0,088;0,089;0,086;0,086;0,086;0,089;0,093;0,091;0,3;0,282;0,347;0,519;0,293;0,139;0,799;0,252;0,223;0,251;0,603;0,15;0,097;0,306;0,364;0,316;0,377;0,158;0,439;0,282;0,306;0,378;0,589;0,139;0,122;0,355;0,464;0,666;0,466;0,218;0,514;0,271;0,411;0,491;0,855;0,108;0,075;1,363;1,541;0,833;0,691;0,791;1,169;1,518;0,72;1,365;1,792;0,077;0,072;0,329;0,448;1,254;0,678;0,476;0,764;0,268;0,531;0,599;0,608;0,075;0,087;0,089;0,086;0,087;0,086;0,087;0,087;0,088;0,087;0,086;0,089;0,092;0,088;0,088;0,086;0,086;0,084;0,085;0,086;0,085;0,085;0,087;0,09;0,09
Raw Data (600);25,17;0,088;0,089;0,088;0,086;0,087;0,087;0,086;0,086;0,086;0,087;0,091;0,091;0,302;0,28;0,337;0,537;0,287;0,137;0,789;0,255;0,201;0,252;0,487;0,149;0,104;0,299;0,364;0,325;0,364;0,157;0,457;0,259;0,303;0,376;0,578;0,166;0,164;0,356;0,483;0,684;0,457;0,217;0,46;0,273;0,419;0,49;0,868;0,113;0,074;1,382;1,548;0,83;0,675;0,779;1,167;1,519;0,729;1,332;1,776;0,076;0,07;0,332;0,454;1,234;0,636;0,475;0,764;0,271;0,595;0,595;0,522;0,074;0,087;0,088;0,085;0,086;0,086;0,086;0,086;0,086;0,086;0,086;0,09;0,091;0,087;0,088;0,086;0,084;0,084;0,085;0,085;0,084;0,085;0,085;0,089;0,091
Raw Data (600);25,33;0,089;0,089;0,089;0,086;0,086;0,087;0,085;0,085;0,084;0,089;0,09;0,091;0,298;0,281;0,337;0,535;0,287;0,137;0,791;0,257;0,202;0,255;0,544;0,146;0,105;0,297;0,365;0,328;0,372;0,156;0,463;0,262;0,303;0,378;0,576;0,166;0,172;0,359;0,5;0,67;0,453;0,217;0,456;0,276;0,426;0,491;0,852;0,117;0,075;1,383;1,561;0,837;0,691;0,777;1,178;1,533;0,729;1,341;1,78;0,075;0,07;0,334;0,457;1,256;0,662;0,471;0,761;0,272;0,6;0,594;0,579;0,073;0,086;0,087;0,085;0,087;0,085;0,086;0,086;0,085;0,085;0,086;0,089;0,091;0,086;0,086;0,085;0,083;0,083;0,083;0,084;0,084;0,084;0,085;0,09;0,089
Raw Data (600);25,50;0,089;0,09;0,088;0,087;0,087;0,087;0,086;0,085;0,086;0,088;0,091;0,091;0,3;0,284;0,346;0,535;0,291;0,136;0,779;0,256;0,202;0,254;0,466;0,16;0,107;0,309;0,364;0,327;0,367;0,154;0,433;0,262;0,307;0,38;0,583;0,172;0,169;0,363;0,493;0,676;0,451;0,22;0,474;0,28;0,431;0,498;0,86;0,12;0,076;1,405;1,575;0,848;0,696;0,775;1,168;1,526;0,726;1,344;1,768;0,076;0,07;0,334;0,46;1,232;0,647;0,465;0,762;0,278;0,604;0,594;0,544;0,074;0,086;0,088;0,085;0,085;0,086;0,086;0,085;0,086;0,085;0,085;0,088;0,09;0,087;0,087;0,086;0,084;0,084;0,084;0,084;0,084;0,084;0,086;0,089;0,09
Raw Data (600);25,67;0,09;0,09;0,089;0,088;0,087;0,088;0,086;0,085;0,086;0,088;0,092;0,091;0,306;0,287;0,347;0,537;0,293;0,137;0,786;0,257;0,204;0,253;0,479;0,147;0,111;0,32;0,367;0,335;0,376;0,155;0,427;0,268;0,309;0,387;0,564;0,175;0,177;0,367;0,514;0,677;0,449;0,221;0,489;0,283;0,438;0,498;0,838;0,13;0,074;1,403;1,565;0,866;0,693;0,78;1,175;1,563;0,732;1,342;1,79;0,076;0,071;0,338;0,462;1,253;0,663;0,463;0,759;0,283;0,612;0,602;0,589;0,076;0,086;0,088;0,085;0,086;0,085;0,086;0,087;0,086;0,085;0,086;0,088;0,092;0,087;0,088;0,085;0,084;0,083;0,084;0,084;0,085;0,084;0,087;0,089;0,09
Raw Data (600);25,83;0,089;0,09;0,089;0,086;0,086;0,087;0,086;0,085;0,085;0,088;0,092;0,09;0,305;0,285;0,343;0,547;0,292;0,137;0,774;0,257;0,203;0,26;0,362;0,159;0,115;0,321;0,371;0,333;0,371;0,155;0,465;0,268;0,308;0,38;0,571;0,18;0,181;0,372;0,52;0,695;0,445;0,219;0,482;0,285;0,445;0,493;0,85;0,127;0,074;1,422;1,589;0,864;0,699;0,772;1,185;1,561;0,735;1,35;1,826;0,076;0,071;0,34;0,467;1,202;0,625;0,464;0,766;0,284;0,619;0,594;0,51;0,073;0,086;0,087;0,085;0,086;0,086;0,085;0,087;0,087;0,086;0,086;0,089;0,092;0,087;0,088;0,086;0,084;0,083;0,084;0,085;0,083;0,084;0,085;0,09;0,091
Raw Data (600);26,00;0,089;0,09;0,089;0,086;0,086;0,087;0,085;0,085;0,084;0,088;0,091;0,09;0,3;0,286;0,341;0,554;0,292;0,138;0,776;0,259;0,202;0,256;0,325;0,172;0,116;0,303;0,373;0,33;0,375;0,157;0,419;0,271;0,308;0,382;0,57;0,186;0,191;0,376;0,518;0,691;0,444;0,219;0,472;0,289;0,454;0,496;0,851;0,134;0,076;1,441;1,603;0,875;0,693;0,767;1,187;1,559;0,741;1,354;1,798;0,075;0,07;0,34;0,468;1,223;0,63;0,467;0,779;0,28;0,625;0,593;0,523;0,075;0,087;0,087;0,086;0,085;0,085;0,086;0,086;0,086;0,086;0,086;0,089;0,091;0,088;0,088;0,086;0,084;0,083;0,084;0,084;0,084;0,084;0,085;0,09;0,091
Raw Data (600);26,17;0,09;0,09;0,089;0,088;0,088;0,087;0,086;0,085;0,086;0,087;0,092;0,09;0,307;0,283;0,344;0,547;0,291;0,138;0,769;0,259;0,204;0,254;0,271;0,16;0,118;0,326;0,372;0,331;0,373;0,158;0,455;0,279;0,309;0,387;0,557;0,19;0,19;0,381;0,519;0,692;0,438;0,22;0,495;0,289;0,454;0,502;0,84;0,138;0,075;1,419;1,572;0,877;0,703;0,761;1,175;1,574;0,736;1,33;1,795;0,076;0,07;0,344;0,456;1,166;0,622;0,458;0,768;0,281;0,627;0,589;0,509;0,073;0,086;0,087;0,085;0,086;0,085;0,086;0,086;0,086;0,086;0,085;0,089;0,092;0,087;0,087;0,085;0,084;0,084;0,084;0,084;0,083;0,085;0,085;0,088;0,09